Economies,Year,ID,Institutions,Human capital and research,Infrastructure,Market sophistication,Business sophistication,Knowledge and technology outputs,Creative outputs,Global Innovation Index,GNI per capita in current U.S. dollars ,Income level (GNI Thresholds),"GDP per capita, ppp (constant 2017 international $)",GDP per capita ppp (current international $)
Albania,2011,2,63,82,70,35,123,96,81,80,4410,3,11052.79361,10207.76757
Albania,2012,2,74,106,71,32,138,113,88,90,4360,3,11227.96633,10526.25918
Albania,2013,2,73,84,75,32,128,108,121,93,4540,3,11361.2686,10570.96373
Albania,2014,2,79,93,79,21,115,111,123,94,4540,3,11586.83388,11259.26751
Albania,2015,2,70,101,71,24,118,110,114,87,4390,3,11878.45445,11658.90552
Albania,2016,2,64,90,64,30,114,106,119,92,4320,3,12291.85949,12078.84314
Albania,2017,2,62,91,66,41,102,118,100,93,4290,3,12770.96429,12770.96429
Albania,2018,2,55,95,62,38,98,110,86,83,4860,3,13317.09231,13498.13817
Albania,2019,2,56,88,66,42,105,114,74,83,5230,3,13653.20157,13999.42397
Albania,2020,2,56,95,65,70,73,119,72,83,5260,3,13253.73334,13632.18654
Albania,2021,2,60,90,62,79,68,103,81,84,6110,3,14520.11103,15646.04152
Albania,2022,2,84,89,57,91,56,96,82,84,,,,
Algeria,2011,3,112,81,90,92,107,125,123,125,4600,3,11078.22824,13500.04479
Algeria,2012,3,114,77,95,114,92,108,136,124,5200,3,11233.51704,13303.32752
Algeria,2013,3,118,79,93,114,139,115,140,138,5520,3,11319.08267,13056.80259
Algeria,2014,3,118,82,86,138,137,114,138,133,5490,3,11512.69047,13003.26686
Algeria,2015,3,120,82,95,124,135,115,131,126,4850,3,11696.95036,12015.64053
Algeria,2016,3,113,79,86,117,118,100,122,113,4370,3,11826.15138,11624.34078
Algeria,2017,3,103,86,79,122,119,107,116,108,3950,3,11737.40124,11737.40124
Algeria,2018,3,102,80,80,118,114,111,116,110,3980,2,11630.67941,11908.53761
Algeria,2019,3,106,74,81,122,126,113,117,113,4010,2,11521.98421,12008.26483
Algeria,2020,3,104,74,100,130,126,125,118,121,3570,2,10735.38254,11323.31222
Algeria,2021,3,104,74,96,132,124,125,118,120,3660,2,10957.15992,12037.48124
Algeria,2022,3,99,82,102,125,120,118,109,115,,,,
Angola,2011,6,,,,,,,,,3370,2,7676.607496,6710.750725
Angola,2012,6,131,132,131,102,126,123,124,135,4080,2,8037.746474,7412.967137
Angola,2013,6,136,126,129,121,141,62,137,135,4670,3,8141.241123,7682.475646
Angola,2014,6,136,129,137,107,135,83,127,135,4830,3,8240.347981,8179.297828
Angola,2015,6,135,130,128,131,126,45,112,120,3920,2,8036.631076,7337.569901
Angola,2016,6,,,,,,,,,2480,2,7569.209398,7103.226249
Angola,2017,6,,,,,,,,,2010,2,7310.896551,7310.896551
Angola,2018,6,,,,,,,,,1900,2,6982.12942,7148.933253
Angola,2019,6,,,,,,,,,2070,2,6712.021615,6995.299736
Angola,2020,6,,,,,,,,,1780,2,6141.963839,6478.332182
Angola,2021,6,128,119,125,127,130,129,130,132,1770,2,5990.416805,6581.042021
Angola,2022,6,116,125,122,121,131,130,92,127,,,,
Argentina,2011,9,102,63,46,108,53,67,22,58,10710,3,24647.62927,19322.22712
Argentina,2012,9,101,58,57,104,60,81,48,70,11890,3,24118.86752,19641.35286
Argentina,2013,9,106,51,63,120,55,74,29,56,12870,4,24424.13645,20131.68042
Argentina,2014,9,111,41,65,132,66,81,49,70,12350,3,23550.09906,19683.77151
Argentina,2015,9,111,44,74,127,61,95,50,72,12600,4,23933.88661,20105.19899
Argentina,2016,9,106,47,65,106,69,97,83,81,12220,3,23189.52745,20307.87005
Argentina,2017,9,109,34,65,104,59,89,80,76,13140,4,23597.11775,23597.11775
Argentina,2018,9,88,51,68,108,59,87,82,80,12430,4,22747.24166,23290.67574
Argentina,2019,9,86,42,69,111,57,78,77,73,11260,3,22066.10101,22997.39176
Argentina,2020,9,97,48,70,120,61,75,71,80,9080,3,19690.66146,20769.03238
Argentina,2021,9,102,50,64,110,57,73,73,73,10050,3,21506.91933,23627.39429
Argentina,2022,9,96,69,64,95,52,77,53,69,,,,
Armenia,2011,10,57,88,94,90,87,41,78,69,3530,2,9725.27823,8025.458485
Armenia,2012,10,58,76,89,72,90,54,89,69,3880,2,10397.65466,9364.375299
Armenia,2013,10,57,71,97,48,84,58,53,59,4110,2,10691.27675,9835.802461
Armenia,2014,10,58,99,93,56,90,51,63,65,4140,3,11019.83878,10036.88984
Armenia,2015,10,57,105,76,36,89,46,55,61,4010,2,11321.33254,9969.664854
Armenia,2016,10,61,104,74,78,82,48,44,60,3760,2,11303.06785,10704.22976
Armenia,2017,10,63,103,91,46,85,50,44,59,3950,3,12115.13929,12115.13929
Armenia,2018,10,67,110,93,81,88,62,48,68,4240,3,12715.10895,13018.87429
Armenia,2019,10,64,107,85,55,89,54,48,64,4660,3,13653.76338,14230.01487
Armenia,2020,10,64,94,90,68,69,45,56,61,4220,3,12619.89215,13311.02814
Armenia,2021,10,65,94,80,99,98,64,49,69,4560,3,13317.23161,14630.24422
Armenia,2022,10,55,91,80,85,84,71,73,80,,,,
Australia,2011,12,7,9,4,16,17,33,36,21,50380,4,45389.17017,42003.15806
Australia,2012,12,10,24,13,11,20,43,23,23,60260,4,46350.91995,42836.67186
Australia,2013,12,11,11,16,9,18,46,17,19,66050,4,46744.63254,45906.44004
Australia,2014,12,11,7,7,10,26,31,12,17,65180,4,47232.87539,46880.89518
Australia,2015,12,11,9,4,9,23,39,7,17,60490,4,47569.2946,46248.61646
Australia,2016,12,10,9,6,10,23,32,18,19,54090,4,48116.03108,47255.30701
Australia,2017,12,14,9,7,9,27,34,24,23,51480,4,48398.5497,48398.5497
Australia,2018,12,12,3,16,7,28,38,22,20,53070,4,49029.10571,50169.18729
Australia,2019,12,13,10,19,8,26,36,29,22,54910,4,49309.1124,51748.39772
Australia,2020,12,10,9,22,7,26,40,23,23,53680,4,48678.68244,53316.88543
Australia,2021,12,10,12,20,9,26,42,24,25,56760,4,49308.51379,55807.44402
Australia,2022,12,17,5,18,20,24,37,27,25,,,,
Austria,2011,13,17,8,16,23,22,30,9,19,50700,4,53179.14746,44452.73275
Austria,2012,13,21,9,23,30,29,28,12,22,50100,4,53297.44479,46457.34578
Austria,2013,13,13,10,21,24,29,30,18,23,50720,4,52997.75382,47922.04912
Austria,2014,13,12,8,21,32,24,25,15,20,50390,4,52932.90011,48799.71547
Austria,2015,13,12,8,23,30,24,17,17,18,47480,4,52873.85865,49865.90394
Austria,2016,13,14,8,24,29,18,24,16,20,46240,4,53345.74153,52684.01711
Austria,2017,13,15,8,16,30,19,21,17,20,45040,4,54172.98679,54172.98679
Austria,2018,13,18,9,12,37,18,32,20,21,49010,4,55258.37103,56960.09143
Austria,2019,13,17,8,17,44,18,25,25,21,51010,4,55833.5599,58076.3488
Austria,2020,13,15,7,20,48,17,19,22,19,48360,4,51857.69232,55685.97029
Austria,2021,13,16,7,7,40,15,19,27,18,52210,4,53944.52558,58427.49569
Austria,2022,13,8,11,9,38,18,19,26,17,,,,
Azerbaijan,2011,14,79,90,99,47,80,62,117,88,5570,3,13913.83669,14804.57445
Azerbaijan,2012,14,91,91,103,43,102,103,91,89,6480,3,14027.46879,15957.71885
Azerbaijan,2013,14,99,94,99,55,118,126,94,105,7450,3,14651.69397,17188.94551
Azerbaijan,2014,14,100,100,85,26,131,115,104,101,7740,3,14867.94373,17443.87826
Azerbaijan,2015,14,81,100,78,47,136,108,93,93,6610,3,14852.61171,14938.40113
Azerbaijan,2016,14,76,93,73,27,123,101,87,85,4790,3,14232.19262,14371.02274
Azerbaijan,2017,14,74,108,50,23,110,104,87,82,4110,3,14121.40694,14121.40694
Azerbaijan,2018,14,71,100,66,26,96,89,87,82,4080,3,14209.59317,14549.0619
Azerbaijan,2019,14,59,106,70,31,103,101,84,84,4510,3,14442.04087,15051.56128
Azerbaijan,2020,14,59,89,85,36,96,118,65,82,4480,3,13726.76966,14478.52445
Azerbaijan,2021,14,58,89,88,36,92,115,67,80,4880,3,14421.04628,15842.88951
Azerbaijan,2022,14,46,87,90,80,77,117,105,93,,,,
Bahrain,2011,16,41,18,10,24,78,54,112,46,18160,4,44157.47964,47377.49831
Bahrain,2012,16,48,18,37,40,40,65,62,41,22010,4,45035.97855,50675.62102
Bahrain,2013,16,46,82,45,59,43,72,111,67,23790,4,46930.83073,51494.41172
Bahrain,2014,16,52,78,29,68,49,63,100,62,24070,4,48201.15717,51101.97702
Bahrain,2015,16,58,71,27,71,48,75,65,59,22580,4,48110.73419,45575.78357
Bahrain,2016,16,55,68,29,91,59,61,74,57,21570,4,47937.70906,44768.97091
Bahrain,2017,16,51,73,38,84,93,73,71,66,21250,4,47709.77802,47709.77802
Bahrain,2018,16,99,74,33,68,83,69,79,72,22000,4,46377.65048,47485.6176
Bahrain,2019,16,54,85,45,79,83,92,83,78,22230,4,45311.8683,47224.23713
Bahrain,2020,16,51,84,43,80,86,86,98,79,19930,4,41545.8415,43821.12449
Bahrain,2021,16,49,83,38,78,90,82,106,78,,,41335.63311,45411.12035
Bahrain,2022,16,27,78,32,75,93,73,98,72,,,,
Bangladesh,2011,17,105,114,76,102,121,44,96,97,890,1,3593.495319,2620.83379
Bangladesh,2012,17,115,127,93,110,123,74,121,112,970,1,3783.923991,2937.628798
Bangladesh,2013,17,127,138,109,126,138,80,131,130,1040,1,3965.370566,3143.585503
Bangladesh,2014,17,128,126,110,99,138,99,130,129,1110,2,4157.919304,3368.056164
Bangladesh,2015,17,129,126,109,115,122,116,124,129,1220,2,4381.069268,3555.50526
Bangladesh,2016,17,118,124,105,83,110,111,121,117,1430,2,4641.597363,4610.718436
Bangladesh,2017,17,122,124,95,103,99,96,110,114,1670,2,4894.563365,4894.563365
Bangladesh,2018,17,123,124,96,84,119,94,112,116,2040,2,5197.765051,5321.940225
Bangladesh,2019,17,124,127,86,96,120,91,115,116,2250,2,5550.032778,5784.269636
Bangladesh,2020,17,124,129,92,100,122,95,115,116,2340,2,5684.113533,5995.407429
Bangladesh,2021,17,122,128,95,95,122,92,123,116,2620,2,6019.518752,6613.013275
Bangladesh,2022,17,109,127,94,92,125,95,87,102,,,,
Barbados,2011,18,,,,,,,,,15040,4,15444.05766,16305.08067
Barbados,2012,18,,,,,,,,,15730,4,15338.69633,15310.43274
Barbados,2013,18,22,38,131,69,15,47,67,47,15660,4,15084.99195,15335.64237
Barbados,2014,18,26,58,103,66,5,33,85,41,15630,4,15043.72991,15174.99267
Barbados,2015,18,27,62,100,105,12,18,63,37,15760,4,15388.58208,15542.54182
Barbados,2016,18,,,,,,,,,15940,4,15752.37551,15961.24501
Barbados,2017,18,,,,,,,,,16090,4,15800.42431,15800.42431
Barbados,2018,18,,,,,,,,,16610,4,15615.70916,15988.77016
Barbados,2019,18,,,,,,,,,17130,4,15499.80821,16153.97126
Barbados,2020,18,,,,,,,,,15750,4,13316.48739,14045.77283
Barbados,2021,18,,,,,,,,,16720,4,13487.10189,14816.86286
Barbados,2022,18,,,,,,,,,,,,
Belarus,2011,19,,,,,,,,,6340,3,18274.02072,16563.20141
Belarus,2012,19,109,45,66,75,105,44,117,78,6630,3,18611.45421,18105.28672
Belarus,2013,19,107,43,74,47,100,54,102,77,7030,3,18805.43087,18994.19019
Belarus,2014,19,105,38,56,86,114,30,84,58,7620,3,19119.34615,19008.06102
Belarus,2015,19,94,32,60,32,94,32,94,53,6750,3,18362.74559,18095.66518
Belarus,2016,19,77,35,63,89,81,49,124,79,5640,3,17883.1265,17785.9432
Belarus,2017,19,81,36,67,90,65,61,123,88,5320,3,18356.10077,18356.10077
Belarus,2018,19,81,34,73,91,53,65,122,86,5730,3,18974.69981,19428.00746
Belarus,2019,19,83,39,60,56,56,51,126,72,6370,3,19279.20925,20092.88037
Belarus,2020,19,84,37,58,107,67,46,97,64,6280,3,19186.77581,20237.55113
Belarus,2021,19,85,38,59,101,69,37,93,62,6950,3,19751.20391,21698.57409
Belarus,2022,19,130,35,67,96,72,40,91,77,,,,
Belgium,2011,20,19,22,24,13,16,27,26,24,46490,4,48154.87115,40942.37271
Belgium,2012,20,16,20,31,21,13,17,22,20,47130,4,48210.92466,42290.76205
Belgium,2013,20,15,20,31,27,8,20,20,21,47900,4,48204.5857,43671.11959
Belgium,2014,20,15,20,33,30,18,19,22,23,47820,4,48748.62059,44929.68559
Belgium,2015,20,19,18,28,35,14,36,20,25,45570,4,49456.39858,46200.90445
Belgium,2016,20,25,12,28,37,19,17,20,23,43400,4,49829.92739,48597.39998
Belgium,2017,20,26,11,32,40,22,31,19,27,42520,4,50442.27054,50442.27054
Belgium,2018,20,20,13,30,42,17,20,27,25,46070,4,51139.06761,52535.23222
Belgium,2019,20,21,13,29,37,17,21,33,23,48050,4,51937.42361,54278.38945
Belgium,2020,20,21,11,35,29,16,17,32,22,45810,4,48752.50159,53070.21482
Belgium,2021,20,23,8,35,33,16,17,36,22,50510,4,51601.88777,58930.93633
Belgium,2022,20,29,16,37,45,11,18,32,26,,,,
Belize,2011,21,,,,,,,,,4070,3,7178.685858,7716.521078
Belize,2012,21,69,79,83,113,91,64,81,80,4120,3,7184.083738,7313.197802
Belize,2013,21,65,96,130,107,93,122,85,102,4180,3,7083.358052,7238.349833
Belize,2014,21,,,,,,,,,4290,3,7239.278269,7229.206377
Belize,2015,21,,,,,,,,,4440,3,7292.826855,7288.745493
Belize,2016,21,,,,,,,,,4370,3,7132.065769,7267.770047
Belize,2017,21,,,,,,,,,4430,3,7140.905119,7140.905119
Belize,2018,21,,,,,,,,,4560,3,7148.128276,7318.897839
Belize,2019,21,,,,,,,,,4610,3,7152.657414,7454.532388
Belize,2020,21,,,,,,,,,3930,2,5845.706062,6165.849669
Belize,2021,21,,,,,,,,,4290,3,6300.274443,6921.450076
Belize,2022,21,,,,,,,,,,,,
Benin,2011,22,107,113,107,122,106,108,101,118,1090,2,2707.8697,2416.327362
Benin,2012,22,102,123,106,141,118,101,110,125,1120,2,2759.848256,2498.495773
Benin,2013,22,96,123,110,140,83,134,112,127,1220,2,2876.903909,2669.68822
Benin,2014,22,101,108,134,137,111,127,119,132,1270,2,2975.854782,2833.412753
Benin,2015,22,,,,,,,,,1180,2,2945.970221,2886.829137
Benin,2016,22,86,96,124,124,68,121,115,121,1110,2,2961.440416,3004.807805
Benin,2017,22,82,97,123,120,88,122,99,116,1090,2,3044.517156,3044.517156
Benin,2018,22,76,91,121,124,107,122,118,121,1200,2,3160.78067,3236.292065
Benin,2019,22,87,92,118,124,121,126,124,123,1250,2,3287.309538,3426.049089
Benin,2020,22,85,97,122,122,125,130,128,126,1280,2,3323.144451,3505.138455
Benin,2021,22,84,111,118,123,113,131,128,128,1370,2,3449.199483,3789.273347
Benin,2022,22,64,115,110,117,114,129,132,124,,,,
Bhutan,2011,24,,,,,,,,,2240,2,8744.957643,7295.853328
Bhutan,2012,24,,,,,,,,,2390,2,9084.004455,7912.144645
Bhutan,2013,24,,,,,,,,,2410,2,9163.563551,7989.689179
Bhutan,2014,24,62,116,43,87,85,142,25,86,2460,2,9574.029004,8666.455725
Bhutan,2015,24,63,114,61,63,121,141,107,121,2520,2,10086.0728,9500.650716
Bhutan,2016,24,60,69,49,74,58,128,93,96,2650,2,10775.19031,10457.24438
Bhutan,2017,24,,,,,,,,,2800,2,11142.47467,11142.47467
Bhutan,2018,24,,,,,,,,,2970,2,11348.44195,11619.55747
Bhutan,2019,24,,,,,,,,,3150,2,11864.76625,12365.51384
Bhutan,2020,24,,,,,,,,,2840,2,10551.45185,11129.30845
Bhutan,2021,24,,,,,,,,,,2,,
Bhutan,2022,24,,,,,,,,,,,,
Bolivia (Plurinational State of),2011,25,123,86,71,93,85,115,83,112,2000,2,6844.983783,5460.257058
Bolivia (Plurinational State of),2012,25,136,97,105,74,100,133,96,114,2250,2,7081.386128,5921.648907
Bolivia (Plurinational State of),2013,25,140,90,98,67,72,91,83,95,2590,2,7444.490809,6624.805923
Bolivia (Plurinational State of),2014,25,141,74,108,71,96,104,105,111,2830,2,7730.638402,7056.828365
Bolivia (Plurinational State of),2015,25,139,84,104,73,92,102,84,104,2960,2,7984.411983,7133.873145
Bolivia (Plurinational State of),2016,25,127,77,101,70,98,102,102,109,3040,2,8202.544232,7499.77274
Bolivia (Plurinational State of),2017,25,127,85,102,63,98,99,96,106,3090,2,8423.69756,8423.69756
Bolivia (Plurinational State of),2018,25,125,82,101,75,118,103,120,117,3370,2,8655.531498,8862.313088
Bolivia (Plurinational State of),2019,25,128,79,102,59,104,105,111,110,3520,2,8724.474187,9092.687044
Bolivia (Plurinational State of),2020,25,129,56,104,78,90,114,109,105,3190,2,7853.053972,8283.131195
Bolivia (Plurinational State of),2021,25,131,55,106,59,75,112,111,104,3360,2,8219.942366,9030.387681
Bolivia (Plurinational State of),2022,25,,,,,,,,,,,,
Bosnia and Herzegovina,2011,26,77,49,91,51,42,103,107,76,5010,3,11176.88171,9976.490778
Bosnia and Herzegovina,2012,26,79,52,90,58,45,72,90,72,4990,3,11257.83999,10304.02449
Bosnia and Herzegovina,2013,26,82,42,84,58,37,50,108,65,5270,3,11725.25599,11016.55045
Bosnia and Herzegovina,2014,26,78,107,95,47,40,61,116,81,5300,3,12066.59234,11433.19043
Bosnia and Herzegovina,2015,26,71,38,96,18,41,89,135,79,5210,3,12630.66768,12010.75974
Bosnia and Herzegovina,2016,26,69,39,97,67,88,99,103,87,5130,3,13194.33103,13072.16976
Bosnia and Herzegovina,2017,26,71,39,96,79,90,92,98,86,5120,3,13753.83794,13753.83794
Bosnia and Herzegovina,2018,26,72,37,99,85,63,74,94,77,5750,3,14386.73827,14918.48516
Bosnia and Herzegovina,2019,26,79,37,100,62,88,65,99,76,6170,3,14896.79651,15711.2377
Bosnia and Herzegovina,2020,26,80,50,84,51,102,61,96,74,6080,3,14520.90604,15598.43034
Bosnia and Herzegovina,2021,26,82,68,52,51,99,66,99,75,6770,3,15634.92656,16846.45586
Bosnia and Herzegovina,2022,26,94,67,55,25,98,63,83,70,,,,
Botswana,2011,27,38,64,88,78,92,101,97,79,6610,3,13724.67135,13729.85927
Botswana,2012,27,31,62,82,86,67,106,120,85,7250,3,14166.54426,13091.98012
Botswana,2013,27,42,63,88,80,82,88,134,91,7570,3,15597.61742,14168.08218
Botswana,2014,27,42,85,76,60,117,92,129,92,7420,3,16042.05249,15702.87275
Botswana,2015,27,48,93,86,91,112,104,110,90,6430,3,14895.90498,14639.55843
Botswana,2016,27,49,58,89,66,105,93,118,90,6280,3,15654.68183,16638.5205
Botswana,2017,27,46,65,83,52,91,102,114,89,6380,3,15948.03202,15948.03202
Botswana,2018,27,51,70,92,79,93,104,111,91,6780,3,16222.40745,16609.96253
Botswana,2019,27,58,73,101,63,91,107,118,93,7170,3,16404.44491,17096.78778
Botswana,2020,27,60,53,103,96,99,89,111,89,6500,3,14667.80372,15471.09481
Botswana,2021,27,59,130,93,113,73,101,112,106,6940,3,16023.85462,17603.72675
Botswana,2022,27,40,51,88,112,70,88,100,86,,,,
Brazil,2011,28,87,76,45,80,46,58,12,47,11070,3,15323.33139,15040.06109
Brazil,2012,28,84,83,49,82,42,55,54,58,12300,3,15478.79284,15046.29018
Brazil,2013,28,95,75,51,76,42,67,72,64,12770,4,15805.22291,15588.72613
Brazil,2014,28,96,62,60,89,37,65,64,61,12100,3,15749.51216,15718.56495
Brazil,2015,28,85,63,67,87,37,72,82,70,10170,3,15064.17607,14744.11363
Brazil,2016,28,78,60,59,57,39,67,90,69,8910,3,14451.15284,14256.16339
Brazil,2017,28,91,50,57,74,43,85,83,69,8680,3,14524.61354,14524.61354
Brazil,2018,28,82,52,64,82,38,64,78,64,9140,3,14668.25616,15018.6824
Brazil,2019,28,80,48,64,84,40,58,82,66,9220,3,14736.15606,15358.08949
Brazil,2020,28,82,49,61,91,35,56,77,62,7800,3,14063.97183,14834.1937
Brazil,2021,28,78,48,69,75,34,51,66,57,7720,3,14615.04558,16056.01617
Brazil,2022,28,102,50,65,49,35,55,51,54,,,,
Brunei Darussalam,2011,29,48,77,115,46,96,88,87,75,35520,4,69388.8132,83935.22572
Brunei Darussalam,2012,29,28,66,52,47,85,84,53,53,42370,4,69090.34149,88245.95835
Brunei Darussalam,2013,29,34,65,55,84,86,125,51,74,45320,4,66715.69265,83788.51089
Brunei Darussalam,2014,29,37,95,70,38,62,136,102,88,43090,4,64190.82415,81371.23087
Brunei Darussalam,2015,29,,,,,,,,,38850,4,63147.48349,62540.62522
Brunei Darussalam,2016,29,,,,,,,,,33170,4,60867.29187,56297.22671
Brunei Darussalam,2017,29,31,69,55,54,34,114,105,71,29800,4,60994.53156,60994.53156
Brunei Darussalam,2018,29,30,60,47,17,50,113,105,67,29390,4,60389.18465,61831.88885
Brunei Darussalam,2019,29,27,55,52,17,45,120,107,71,32230,4,62098.01138,64718.8325
Brunei Darussalam,2020,29,25,51,46,76,44,129,89,71,31510,4,62200.88204,65607.35075
Brunei Darussalam,2021,29,24,52,46,106,84,130,85,82,,,60640.97344,66619.87094
Brunei Darussalam,2022,29,23,53,61,101,66,127,125,92,,,,
Bulgaria,2011,30,40,59,59,50,65,50,46,42,7260,3,18661.47996,15747.08538
Bulgaria,2012,30,46,56,47,54,84,41,49,43,7490,3,18911.58431,16327.87261
Bulgaria,2013,30,51,55,43,83,65,36,49,41,7590,3,18911.12601,16647.0064
Bulgaria,2014,30,48,61,47,97,53,38,45,44,7700,3,19202.80893,17616.91318
Bulgaria,2015,30,45,58,53,61,60,37,34,39,7430,3,19988.22449,18391.92747
Bulgaria,2016,30,50,65,55,59,45,38,29,38,7400,3,20740.79485,20074.35539
Bulgaria,2017,30,52,56,48,76,32,35,29,36,7610,3,21469.94544,21469.94544
Bulgaria,2018,30,45,63,44,62,31,28,36,37,8530,3,22206.09078,23016.09064
Bulgaria,2019,30,48,62,39,66,34,37,41,40,9500,3,23265.87692,24497.62727
Bulgaria,2020,30,48,64,30,97,40,29,37,37,9630,3,22379.09431,24564.43768
Bulgaria,2021,30,47,65,36,72,42,27,21,35,10720,3,23431.96761,26705.43886
Bulgaria,2022,30,67,68,34,62,40,30,23,35,,,,
Burkina Faso,2011,31,74,119,122,120,113,111,115,120,680,1,1775.779179,1586.571161
Burkina Faso,2012,31,80,99,140,129,119,120,114,122,730,1,1834.543308,1619.399426
Burkina Faso,2013,31,83,117,139,129,91,93,118,116,770,1,1883.79654,1683.105833
Burkina Faso,2014,31,87,122,126,122,75,94,107,109,760,1,1907.949213,1692.303242
Burkina Faso,2015,31,97,119,127,97,52,99,100,102,700,1,1925.332075,1713.520136
Burkina Faso,2016,31,89,110,120,122,28,105,127,122,680,1,1981.429814,1895.295066
Burkina Faso,2017,31,86,110,118,121,14,106,127,120,670,1,2044.386987,2044.386987
Burkina Faso,2018,31,87,106,112,115,125,101,126,124,750,1,2117.813901,2168.408706
Burkina Faso,2019,31,88,110,110,116,111,98,120,117,770,1,2175.50468,2267.320963
Burkina Faso,2020,31,86,102,111,113,116,111,129,118,770,1,2155.76936,2273.831365
Burkina Faso,2021,31,92,103,111,114,120,106,129,115,860,1,2240.992193,2461.942845
Burkina Faso,2022,31,105,104,115,118,123,112,127,120,,,,
Burundi,2011,32,,,,,,,,,230,1,852.5025761,681.9716213
Burundi,2012,32,129,73,141,132,139,122,133,137,250,1,862.7156512,690.6976916
Burundi,2013,32,,,,,,,,,260,1,877.2728572,740.9775848
Burundi,2014,32,127,111,141,76,104,139,132,138,260,1,886.2352958,777.0412415
Burundi,2015,32,118,115,136,99,91,139,133,136,260,1,825.2055739,841.5399533
Burundi,2016,32,103,115,121,113,62,127,116,123,260,1,794.6043404,796.9440834
Burundi,2017,32,118,114,124,114,36,124,115,122,260,1,773.5728587,773.5728587
Burundi,2018,32,,,,,,,,,250,1,761.5241428,779.7170375
Burundi,2019,32,123,103,129,129,74,127,125,128,240,1,751.4434047,783.1577656
Burundi,2020,32,,,,,,,,,230,1,731.0640736,771.1012372
Burundi,2021,32,,,,,,,,,240,1,722.0462735,793.2364344
Burundi,2022,32,106,95,130,130,119,128,128,130,,,,
Cambodia,2011,33,120,121,89,57,64,109,98,111,810,1,2862.908046,2611.306349
Cambodia,2012,33,113,134,113,83,115,137,118,129,880,1,3022.596725,2868.737515
Cambodia,2013,33,116,131,116,93,102,94,99,110,970,1,3191.861745,3045.590961
Cambodia,2014,33,120,127,128,35,105,76,113,106,1020,1,3364.278069,3185.336272
Cambodia,2015,33,108,122,125,20,74,68,108,91,1060,2,3541.376672,3388.737638
Cambodia,2016,33,95,119,116,44,42,85,100,95,1140,2,3728.099616,3675.03862
Cambodia,2017,33,98,118,113,37,111,90,92,101,1230,2,3928.373934,3928.373934
Cambodia,2018,33,111,119,119,30,92,80,93,98,1380,2,4159.338194,4258.705237
Cambodia,2019,33,112,120,123,30,109,75,97,98,1530,2,4388.800909,4574.028452
Cambodia,2020,33,112,122,120,72,119,96,102,110,1510,2,4193.798722,4423.474631
Cambodia,2021,33,111,109,107,69,117,111,98,109,1550,2,4262.721656,4683.004749
Cambodia,2022,33,87,99,103,44,117,101,104,97,,,,
Cameroon,2011,34,111,99,105,110,104,71,93,103,1420,2,3242.354443,2892.448394
Cameroon,2012,34,124,100,127,127,109,100,115,121,1420,2,3300.945519,2958.692624
Cameroon,2013,34,119,113,126,131,125,117,110,125,1480,2,3372.903835,3129.858638
Cameroon,2014,34,119,110,132,91,123,103,96,114,1540,2,3470.785658,3312.540064
Cameroon,2015,34,125,111,133,110,103,114,68,110,1500,2,3570.424551,3395.628961
Cameroon,2016,34,120,105,119,108,101,113,109,118,1440,2,3634.381137,3527.165372
Cameroon,2017,34,119,101,119,113,109,101,117,117,1390,2,3665.117851,3665.117851
Cameroon,2018,34,112,102,122,119,61,90,103,111,1490,2,3711.850439,3800.52695
Cameroon,2019,34,111,98,113,115,106,93,109,115,1540,2,3742.856779,3900.822515
Cameroon,2020,34,113,103,117,123,100,94,123,119,1520,2,3666.410626,3867.203808
Cameroon,2021,34,113,105,115,129,93,98,124,123,1590,2,3699.695384,4064.466895
Cameroon,2022,34,104,116,113,132,99,98,124,121,,,,
Canada,2011,35,3,19,3,9,10,21,4,8,47190,4,45822.59643,41666.70763
Canada,2012,35,2,25,15,7,14,22,16,12,51080,4,46126.51389,42290.96541
Canada,2013,35,5,25,15,4,16,17,11,11,52800,4,46704.76224,44298.57873
Canada,2014,35,7,13,13,5,15,21,16,12,52200,4,47564.60911,45753.75055
Canada,2015,35,6,22,11,4,18,21,18,16,47590,4,47522.14067,44670.08054
Canada,2016,35,6,22,11,3,20,23,23,15,43890,4,47457.58535,46472.34025
Canada,2017,35,7,20,18,3,24,19,27,18,42900,4,48317.17458,48317.17458
Canada,2018,35,5,18,20,3,24,22,30,18,45080,4,48962.48151,49992.76228
Canada,2019,35,4,19,27,2,22,19,27,17,46540,4,49171.51109,49299.21177
Canada,2020,35,6,19,29,3,20,21,17,17,43540,4,46064.25396,46572.13743
Canada,2021,35,5,18,30,1,20,23,19,16,48310,4,47903.02891,52085.03569
Canada,2022,35,15,12,30,6,20,24,20,15,,,,
Cabo Verde,2011,38,,,,,,,,,3510,2,6366.128511,5966.848
Cabo Verde,2012,38,,,,,,,,,3440,2,6353.707704,5818.903059
Cabo Verde,2013,38,76,73,58,105,116,136,88,103,3490,2,6323.376462,5792.919833
Cabo Verde,2014,38,76,109,59,77,79,128,88,97,3360,2,6281.793971,5748.096238
Cabo Verde,2015,38,79,113,62,102,107,129,88,103,3210,2,6266.881779,5994.407103
Cabo Verde,2016,38,,,,,,,,,3130,2,6482.72155,6322.913234
Cabo Verde,2017,38,,,,,,,,,3080,2,6643.179892,6643.179892
Cabo Verde,2018,38,,,,,,,,,3400,2,6864.185298,7028.171433
Cabo Verde,2019,38,,,,,,,,,3630,2,7171.826425,7474.510419
Cabo Verde,2020,38,87,96,86,128,65,117,73,100,3060,2,6045.060885,6376.122279
Cabo Verde,2021,38,88,95,66,128,74,122,59,89,3330,2,6397.30453,7028.046846
Cabo Verde,2022,38,,,,,,,,,,,,
Chile,2011,41,18,71,50,37,44,85,44,38,11930,3,22245.98714,20259.72939
Chile,2012,41,29,75,44,50,57,62,18,39,14270,4,23388.9607,21512.00442
Chile,2013,41,40,70,40,40,50,70,47,46,15180,4,23927.43332,22346.99046
Chile,2014,41,41,57,28,44,46,66,44,46,14770,4,24099.27029,22687.25157
Chile,2015,41,37,57,35,51,51,57,45,42,14130,4,24329.64424,22566.17765
Chile,2016,41,36,62,38,47,41,59,55,44,13340,4,24430.24633,23330.77111
Chile,2017,41,41,61,47,50,46,49,59,46,13260,4,24411.54477,24411.54477
Chile,2018,41,37,61,53,54,48,48,58,47,14580,4,25034.88776,25526.70552
Chile,2019,41,39,57,50,49,53,61,66,51,14900,4,24931.12188,25322.71106
Chile,2020,41,38,55,51,41,49,64,61,54,13120,4,23239.37006,25089.0313
Chile,2021,41,40,51,47,66,48,58,60,53,15000,4,25821.11385,29104.05809
Chile,2022,41,39,57,47,46,57,54,55,50,,,,
China,2011,42,98,56,33,26,29,9,35,29,5040,3,9680.0977,10292.94048
China,2012,42,121,84,39,35,28,5,56,34,5910,3,10370.72657,11168.6973
China,2013,42,113,36,44,35,33,2,96,35,6740,3,11101.93893,11872.49738
China,2014,42,114,32,39,54,32,2,59,29,7470,3,11851.40422,12480.33853
China,2015,42,91,31,32,59,31,3,54,29,7890,3,12612.35165,12897.50229
China,2016,42,79,29,36,21,7,6,30,25,8210,3,13399.13732,13483.37727
China,2017,42,78,25,27,28,9,4,26,22,8670,3,14243.53261,14243.53261
China,2018,42,70,23,29,25,9,5,21,17,9540,3,15133.99562,15495.54842
China,2019,42,60,25,26,21,14,5,12,14,10310,3,15977.76383,16652.0988
China,2020,42,62,21,36,19,15,7,12,14,10530,3,16296.7789,17189.28179
China,2021,42,61,21,24,16,13,4,14,12,11890,3,17602.69606,19338.23408
China,2022,42,42,20,25,12,12,6,11,11,,,,
Colombia,2011,43,83,91,32,74,66,114,47,71,6320,3,12480.54655,11604.10228
Colombia,2012,43,73,87,34,62,68,87,58,65,7290,3,12852.6257,12018.65128
Colombia,2013,43,62,87,36,70,54,76,60,60,7960,3,13390.4852,12727.76493
Colombia,2014,43,71,65,40,48,76,85,76,68,8210,3,13852.24205,13307.4245
Colombia,2015,43,77,59,39,38,63,86,77,67,7330,3,14095.74836,13265.79726
Colombia,2016,43,71,80,35,40,70,82,68,63,6460,3,14194.51566,13812.09606
Colombia,2017,43,69,66,44,31,64,81,73,65,5940,3,14171.3205,14171.3205
Colombia,2018,43,61,78,40,40,56,68,77,63,6270,3,14314.85558,15044.05534
Colombia,2019,43,61,78,47,53,58,76,85,67,6570,3,14571.99095,15673.09435
Colombia,2020,43,57,82,50,45,52,72,80,68,5830,3,13400.27194,14868.46982
Colombia,2021,43,56,78,57,42,50,72,82,67,6160,3,14705.10766,16893.81718
Colombia,2022,43,72,79,59,66,42,67,75,63,,,,
Costa Rica,2011,48,58,79,55,94,33,43,45,45,8090,3,17360.20158,13545.93177
Costa Rica,2012,48,67,78,56,117,44,56,55,60,9280,3,17994.53622,14321.51837
Costa Rica,2013,48,60,89,61,94,44,22,44,39,9930,3,18233.01597,15005.91936
Costa Rica,2014,48,56,87,64,121,47,57,55,57,10350,3,18669.09668,16067.33077
Costa Rica,2015,48,56,80,49,120,42,47,48,51,10700,3,19141.68307,17090.79658
Costa Rica,2016,48,53,64,52,96,33,57,39,45,11100,3,19736.6653,19075.00447
Costa Rica,2017,48,56,62,61,101,52,59,40,53,11500,3,20347.03477,20347.03477
Costa Rica,2018,48,57,73,60,96,54,56,49,54,11970,3,20672.61583,21319.04399
Costa Rica,2019,48,68,72,63,85,52,56,39,55,12120,3,20970.54415,22632.44207
Costa Rica,2020,48,66,66,62,98,48,53,53,56,11580,3,19937.16874,22243.80196
Costa Rica,2021,48,66,61,71,85,49,56,45,56,12310,3,21260.76233,23387.13223
Costa Rica,2022,48,44,77,66,88,60,61,81,68,,,,
Cote d'Ivoire,2011,49,122,118,113,121,125,69,86,117,1110,2,3491.02126,3470.929834
Cote d'Ivoire,2012,49,135,118,126,131,133,96,122,134,1240,2,3666.637502,3558.631068
Cote d'Ivoire,2013,49,123,124,121,132,133,135,104,136,1350,2,3961.828568,3867.323876
Cote d'Ivoire,2014,49,112,131,131,133,130,67,103,116,2020,2,4225.955764,4319.578655
Cote d'Ivoire,2015,49,113,118,131,132,127,65,102,116,2050,2,4417.150215,4652.889619
Cote d'Ivoire,2016,49,98,116,118,121,104,53,105,108,2050,2,4615.709257,4726.98074
Cote d'Ivoire,2017,49,94,117,114,123,121,75,108,112,2030,2,4830.750515,4830.750515
Cote d'Ivoire,2018,49,86,114,120,122,120,84,124,123,2180,2,5033.478826,5153.729184
Cote d'Ivoire,2019,49,84,113,117,113,94,74,105,103,2290,2,5212.554021,5432.547727
Cote d'Ivoire,2020,49,79,117,121,92,101,98,116,112,2280,2,5181.31116,5465.068781
Cote d'Ivoire,2021,49,79,124,109,117,91,110,121,114,2450,2,5406.69134,5939.764136
Cote d'Ivoire,2022,49,73,122,98,122,95,104,108,109,,,,
Croatia,2011,50,42,43,37,79,54,57,51,44,14230,4,24563.84735,21014.7388
Croatia,2012,50,41,51,36,77,64,45,50,42,13610,4,24078.33073,21397.48678
Croatia,2013,50,48,58,32,64,48,39,52,37,13760,4,24057.80809,22081.09779
Croatia,2014,50,45,48,37,113,69,40,47,42,13500,4,24072.4388,22325.07659
Croatia,2015,50,41,47,50,68,50,44,39,40,13270,4,24884.66523,23301.27286
Croatia,2016,50,42,50,47,73,50,58,48,47,12680,4,25944.25834,25210.98297
Croatia,2017,50,42,47,33,88,53,51,43,41,12980,4,27154.08469,27154.08469
Croatia,2018,50,44,48,34,66,45,46,43,41,14410,4,28192.32854,28877.23828
Croatia,2019,50,45,50,46,71,49,49,51,44,15540,4,29336.08545,30543.93375
Croatia,2020,50,47,47,39,73,56,43,49,41,14810,4,27076.9791,28780.31674
Croatia,2021,50,46,47,29,67,55,47,54,42,17150,4,31046.62757,33800.55148
Croatia,2022,50,77,46,31,56,46,45,39,42,,,,
Cyprus,2011,53,22,29,28,32,41,19,48,28,32550,4,37481.8125,33313.57813
Cyprus,2012,53,15,30,42,20,37,25,63,28,29680,4,35642.64063,31834.51758
Cyprus,2013,53,18,31,46,18,66,27,16,27,27830,4,33384.46484,30375.0918
Cyprus,2014,53,19,39,66,16,63,42,24,30,26530,4,33136.48047,30080.23047
Cyprus,2015,53,28,35,75,11,43,78,27,34,26010,4,34453.11719,31815.27344
Cyprus,2016,53,20,44,71,20,32,20,35,31,24720,4,36509.07031,35719.15234
Cyprus,2017,53,21,40,59,19,31,17,41,30,24960,4,38287.96875,38287.96875
Cyprus,2018,53,25,47,55,21,26,18,28,29,27330,4,39977,40559.125
Cyprus,2019,53,25,49,34,24,24,20,28,28,28600,4,41521.92188,42338.87891
Cyprus,2020,53,27,40,27,49,28,20,25,29,26490,4,39007.71484,39593.42578
Cyprus,2021,53,26,42,28,46,28,21,20,28,28130,4,40791.42578,42556.10938
Cyprus,2022,53,36,39,28,29,23,20,17,27,,,,
Czechia,2011,54,24,28,44,34,18,29,13,27,19460,4,34002.18978,29001.36804
Czechia,2012,54,44,31,24,48,22,20,26,27,19440,4,33688.09983,29254.73127
Czechia,2013,54,31,30,24,53,20,25,25,28,19410,4,33661.46842,30818.10816
Czechia,2014,54,31,29,25,62,20,15,18,26,18900,4,34386.70491,32502.47535
Czechia,2015,54,32,29,30,45,28,15,21,24,18370,4,36168.41856,33899.28657
Czechia,2016,54,30,28,31,31,26,19,24,27,17670,4,37014.95929,36097.70526
Czechia,2017,54,30,30,30,47,26,14,22,24,18310,4,38824.88792,38824.88792
Czechia,2018,54,27,35,31,48,25,17,25,27,20560,4,39932.99219,41135.49298
Czechia,2019,54,29,34,32,46,25,16,21,26,22110,4,40981.05651,42847.00474
Czechia,2020,54,32,33,21,47,23,15,20,24,22130,4,38511.26898,41608.02535
Czechia,2021,54,32,33,19,50,25,12,22,24,24070,4,39777.78924,44260.85647
Czechia,2022,54,43,33,20,76,28,17,37,30,,,,
Denmark,2011,55,1,6,11,7,11,17,5,6,61990,4,51293.20618,44403.38484
Denmark,2012,55,1,5,12,8,17,16,8,7,61650,4,51216.30941,44803.96824
Denmark,2013,55,1,7,13,7,19,19,8,9,63200,4,51479.26645,46726.85414
Denmark,2014,55,4,9,9,11,22,14,13,8,63670,4,52048.33549,47901.44736
Denmark,2015,55,4,3,21,7,17,16,13,10,60510,4,52892.64603,49045.33919
Denmark,2016,55,7,4,21,6,17,14,11,8,58040,4,54185.00848,51976.00571
Denmark,2017,55,6,3,15,6,12,16,9,6,56690,4,55356.68078,55356.68078
Denmark,2018,55,6,6,15,6,14,15,9,8,61260,4,56178.77463,57482.9624
Denmark,2019,55,6,4,6,9,9,14,11,7,63460,4,57161.68639,58700.97467
Denmark,2020,55,12,2,4,8,11,12,10,6,63010,4,55819.90953,60229.91477
Denmark,2021,55,8,5,5,7,11,14,13,9,68110,4,58187.04122,64651.21645
Denmark,2022,55,9,10,5,15,15,12,14,10,,,,
Dominican Republic,2011,58,,,,,,,,,5540,3,13024.32852,11869.12309
Dominican Republic,2012,58,104,114,61,79,101,125,40,86,5790,3,13219.69413,11900.48501
Dominican Republic,2013,58,98,108,77,90,92,120,30,79,6030,3,13702.32121,12482.16212
Dominican Republic,2014,58,99,142,80,55,82,95,53,83,6330,3,14499.63041,13475.01117
Dominican Republic,2015,58,93,107,84,57,79,119,83,89,6580,3,15328.35951,14740.82687
Dominican Republic,2016,58,87,103,77,52,60,91,71,76,6860,3,16166.61153,16109.86367
Dominican Republic,2017,58,90,109,78,70,67,91,60,79,7090,3,16735.36442,16735.36442
Dominican Republic,2018,58,83,105,74,73,95,92,69,87,7780,3,17711.79553,18134.93226
Dominican Republic,2019,58,94,101,73,70,90,95,81,87,8100,3,18412.89999,19190.00888
Dominican Republic,2020,58,98,100,77,105,83,99,82,90,7270,3,17003.01302,17934.19325
Dominican Republic,2021,58,96,102,75,104,86,108,84,93,8220,3,18905.22039,20769.18082
Dominican Republic,2022,58,80,108,69,84,83,93,88,90,,,,
Ecuador,2011,59,113,103,69,104,62,91,68,93,4880,3,10984.28377,9857.520523
Ecuador,2012,59,134,109,77,103,103,115,65,98,5390,3,11431.37562,10311.4046
Ecuador,2013,59,131,80,70,101,117,99,42,83,5810,3,11818.58683,11153.68521
Ecuador,2014,59,130,98,74,103,120,130,86,115,6110,3,12078.47439,11713.17591
Ecuador,2015,59,124,98,72,66,123,127,109,119,5970,3,11896.37516,11060.28627
Ecuador,2016,59,115,98,78,82,103,118,72,100,5800,3,11551.61597,11034.26918
Ecuador,2017,59,116,93,76,68,103,109,66,92,5860,3,11617.91222,11617.91222
Ecuador,2018,59,118,93,75,71,97,106,90,97,6090,3,11561.74785,11837.95927
Ecuador,2019,59,125,91,78,89,102,100,93,99,6090,3,11370.6033,11850.49495
Ecuador,2020,59,126,91,82,64,97,105,92,99,5540,3,10325.00171,10890.45664
Ecuador,2021,59,126,97,74,44,97,97,86,91,5930,3,10614.64238,11661.19317
Ecuador,2022,59,121,98,72,103,85,102,96,98,,,,
Egypt,2011,60,70,107,100,83,86,100,72,87,2560,2,10302.44285,9686.046264
Egypt,2012,60,116,108,70,108,114,92,106,103,2840,2,10301.10781,11092.74326
Egypt,2013,60,130,81,66,125,99,113,114,108,3030,2,10290.19162,11221.38039
Egypt,2014,60,133,75,73,141,89,80,97,99,3230,2,10353.6668,10895.94317
Egypt,2015,60,131,72,77,128,84,97,98,100,3340,2,10570.44523,11512.40214
Egypt,2016,60,123,82,82,110,122,94,97,107,3440,2,10795.80874,11192.37301
Egypt,2017,60,121,82,93,107,120,93,97,105,3030,2,11014.48648,11014.48648
Egypt,2018,60,120,89,90,104,117,66,89,95,2790,2,11366.33552,11637.87851
Egypt,2019,60,118,96,94,97,116,64,89,92,2690,2,11763.25328,12259.71657
Egypt,2020,60,115,90,99,106,103,65,101,96,3000,2,11951.44753,12605.97574
Egypt,2021,60,114,93,92,96,106,70,104,94,3510,2,12121.15916,13316.24499
Egypt,2022,60,111,97,93,86,103,79,84,89,,,,
El Salvador,2011,61,67,105,87,86,108,107,67,90,3060,2,7575.844895,6465.808489
El Salvador,2012,61,83,113,76,97,98,109,80,93,3210,2,7754.985417,6541.216164
El Salvador,2013,61,78,112,76,98,87,129,56,88,3350,2,7892.466213,6877.146376
El Salvador,2014,61,84,105,89,106,71,134,78,103,3400,2,7990.441678,7233.195221
El Salvador,2015,61,86,116,92,88,82,133,67,99,3440,2,8143.326328,7597.689174
El Salvador,2016,61,80,106,88,85,83,123,89,104,3510,2,8309.900788,8038.629794
El Salvador,2017,61,85,100,98,87,82,121,89,103,3600,2,8454.052167,8454.052167
El Salvador,2018,61,85,103,102,88,86,120,91,104,3820,2,8615.689692,8821.519457
El Salvador,2019,61,95,99,98,81,97,121,94,108,3980,2,8776.119516,9146.512043
El Salvador,2020,61,100,105,101,71,76,110,74,92,3630,2,7982.626119,8419.799438
El Salvador,2021,61,98,106,99,105,80,124,57,96,4140,2,8800.993225,9668.727256
El Salvador,2022,61,107,107,97,99,87,108,90,100,,,,
Estonia,2011,64,27,27,26,29,21,25,11,23,15840,4,27990.13641,24557.23615
Estonia,2012,64,22,28,19,27,30,13,9,19,16760,4,28997.32288,25996.04678
Estonia,2013,64,26,28,11,42,23,40,10,25,18140,4,29525.11886,27464.51868
Estonia,2014,64,24,28,15,36,19,29,11,24,18880,4,30494.0963,28945.46533
Estonia,2015,64,22,30,10,37,33,19,9,23,18570,4,31038.80463,29175.92593
Estonia,2016,64,21,37,14,49,31,18,8,24,18290,4,32008.93436,31312.7523
Estonia,2017,64,20,38,11,26,29,27,8,25,18760,4,33821.93291,33821.93291
Estonia,2018,64,22,36,21,35,30,29,5,24,21200,4,35097.7041,36249.35815
Estonia,2019,64,23,36,16,45,28,26,8,24,23050,4,36401.10885,37851.30077
Estonia,2020,64,23,34,5,21,30,23,15,25,23040,4,35257.16203,37645.22136
Estonia,2021,64,22,34,8,10,29,22,15,21,25970,4,38207.40861,42191.5144
Estonia,2022,64,12,34,10,3,25,21,24,18,,,,
Ethiopia,2011,65,96,123,112,116,82,89,121,121,390,1,1360.938522,1134.784509
Ethiopia,2012,65,94,128,114,128,125,136,111,131,410,1,1437.376607,1213.595972
Ethiopia,2013,65,121,135,113,110,123,123,117,129,470,1,1545.177956,1283.570449
Ethiopia,2014,65,113,137,117,119,109,120,111,126,550,1,1656.634489,1513.703236
Ethiopia,2015,65,117,132,119,137,125,118,106,127,600,1,1779.084111,1657.344704
Ethiopia,2016,65,110,118,108,126,115,107,69,110,670,1,1894.897364,1878.812682
Ethiopia,2017,65,114,115,107,127,108,105,90,110,740,1,2021.562908,2021.562908
Ethiopia,2018,65,,,,,,,,,800,1,2103.515858,2153.769081
Ethiopia,2019,65,119,124,99,128,118,88,80,111,850,1,2221.404665,2315.158138
Ethiopia,2020,65,116,128,108,131,120,87,119,127,890,1,2296.89044,2422.681026
Ethiopia,2021,65,116,126,121,130,126,81,127,126,960,1,2366.419051,2599.736165
Ethiopia,2022,65,110,131,123,113,122,83,115,117,,,,
Fiji,2011,66,,,,,,,,,3770,2,10787.63949,8263.045462
Fiji,2012,66,87,32,122,70,132,88,132,101,4140,3,10919.47584,8839.515862
Fiji,2013,66,75,57,134,106,12,132,109,97,4710,3,11429.33289,9536.326349
Fiji,2014,66,82,40,91,82,12,123,135,95,5020,3,12058.00619,11346.94579
Fiji,2015,66,88,61,90,119,8,128,137,115,5100,3,12569.06463,12412.35069
Fiji,2016,66,,,,,,,,,5280,3,12820.75704,12631.9122
Fiji,2017,66,,,,,,,,,5370,3,13429.30062,13429.30062
Fiji,2018,66,,,,,,,,,5910,3,13846.12069,14176.90602
Fiji,2019,66,,,,,,,,,5800,3,13684.29169,14261.83161
Fiji,2020,66,,,,,,,,,4930,3,11526.96229,12158.24331
Fiji,2021,66,,,,,,,,,4860,3,10977.45293,12059.77503
Fiji,2022,66,,,,,,,,,,,,
Finland,2011,67,10,3,7,25,6,3,28,5,50260,4,46825.82484,40916.83858
Finland,2012,67,6,3,5,26,7,4,17,4,48970,4,45952.24638,40873.09533
Finland,2013,67,2,1,7,19,14,9,15,6,49510,4,45328.57532,41493.14165
Finland,2014,67,1,1,8,22,7,8,10,4,49420,4,44976.77645,41757.40219
Finland,2015,67,1,1,16,19,4,11,15,6,47180,4,45072.59021,42497.70498
Finland,2016,67,2,1,17,12,4,7,14,5,45530,4,46206.78781,44934.44821
Finland,2017,67,4,1,8,13,6,10,18,8,44840,4,47570.13358,47570.13358
Finland,2018,67,2,4,17,15,6,8,11,7,48220,4,48049.58378,49580.6052
Finland,2019,67,3,2,12,27,5,9,13,6,49940,4,48582.58759,50321.53969
Finland,2020,67,2,4,9,33,8,6,16,7,50080,4,47397.41835,50937.16075
Finland,2021,67,2,4,11,19,6,5,16,7,53660,4,48936.7094,55006.64531
Finland,2022,67,11,8,3,17,5,4,18,9,,,,
France,2011,68,34,21,22,28,24,22,17,22,44440,4,42864.01897,37440.63347
France,2012,68,20,17,20,29,26,23,30,24,43410,4,42790.63288,37679.11891
France,2013,68,24,18,18,20,25,18,21,20,43800,4,42816.27148,39523.85515
France,2014,68,25,15,19,24,16,20,23,22,43340,4,43021.39464,40144.02683
France,2015,68,21,12,12,25,19,23,19,21,41130,4,43345.78643,40849.99738
France,2016,68,26,11,8,15,16,21,15,18,39100,4,43705.14756,42924.61363
France,2017,68,24,12,12,11,18,20,12,15,38320,4,44577.06457,44577.06457
France,2018,68,21,11,10,11,19,19,12,16,41200,4,45284.00279,46576.60185
France,2019,68,19,11,11,12,19,15,16,16,42550,4,46017.76596,49072.36383
France,2020,68,19,13,16,18,21,16,13,12,39500,4,42320.52414,46991.18203
France,2021,68,19,15,17,17,19,16,6,11,43880,4,45187.44629,50728.66743
France,2022,68,18,15,17,10,17,15,6,12,,,,
Gabon,2011,71,,,,,,,,,8120,3,14883.49426,15638.74717
Gabon,2012,71,106,93,108,137,78,52,135,106,9090,3,15082.65656,15356.23542
Gabon,2013,71,94,104,95,136,119,106,100,111,9330,3,15342.18131,15114.37751
Gabon,2014,71,,,,,,,,,9330,3,15437.26503,15370.96799
Gabon,2015,71,,,,,,,,,7970,3,15510.03895,14699.53605
Gabon,2016,71,,,,,,,,,7080,3,15359.7404,14286.1897
Gabon,2017,71,,,,,,,,,6510,3,15006.84404,15006.84404
Gabon,2018,71,,,,,,,,,6830,3,14743.69824,15095.9268
Gabon,2019,71,,,,,,,,,7170,3,14945.85929,15576.64316
Gabon,2020,71,,,,,,,,,7030,3,14320.84465,15105.13431
Gabon,2021,71,,,,,,,,,7100,3,14197.6988,15597.52108
Gabon,2022,71,,,,,,,,,,,,
Gambia,2011,72,,,,,,,,,760,1,2091.828766,2215.757104
Gambia,2012,72,123,126,94,135,106,134,109,130,760,1,2135.744238,2199.77775
Gambia,2013,72,124,134,112,139,63,112,103,122,730,1,2131.436027,2121.489633
Gambia,2014,72,126,118,122,75,65,60,121,104,650,1,2038.802518,2027.036356
Gambia,2015,72,114,138,122,126,53,51,122,112,620,1,2058.658146,2066.859359
Gambia,2016,72,,,,,,,,,620,1,2036.877159,2068.747801
Gambia,2017,72,,,,,,,,,660,1,2072.646833,2072.646833
Gambia,2018,72,,,,,,,,,720,1,2158.077558,2209.634266
Gambia,2019,72,,,,,,,,,750,1,2226.343905,2320.305837
Gambia,2020,72,,,,,,,,,740,1,2158.442317,2276.650708
Gambia,2021,72,,,,,,,,,800,1,2215.464634,2433.898396
Gambia,2022,72,,,,,,,,,,,,
Georgia,2011,73,45,83,111,58,103,37,114,73,3520,2,10541.4719,8360.297207
Georgia,2012,73,51,95,87,31,96,57,105,71,4150,3,11295.75409,9826.052753
Georgia,2013,73,47,97,72,34,95,63,95,73,4530,3,11740.08912,10611.77412
Georgia,2014,73,46,90,82,37,119,58,99,74,4740,3,12254.64565,11575.54721
Georgia,2015,73,51,91,79,42,105,67,99,73,4410,3,12605.14007,12089.16941
Georgia,2016,73,44,91,69,55,90,56,76,64,4080,3,12963.74396,12858.4834
Georgia,2017,73,47,89,74,53,101,54,69,68,4040,3,13589.70739,13589.70739
Georgia,2018,73,39,67,71,39,91,57,73,59,4460,3,14253.40899,14593.92448
Georgia,2019,73,36,63,72,15,70,62,58,48,4690,3,14989.25816,15621.87366
Georgia,2020,73,36,61,81,39,79,67,68,63,4260,3,13966.32634,14731.20059
Georgia,2021,73,35,60,85,34,61,75,74,63,4740,3,15471.71501,16997.14894
Georgia,2022,73,30,70,83,72,64,75,86,74,,,,
Germany,2011,74,21,11,21,14,20,14,6,12,47320,4,49757.92416,42541.53109
Germany,2012,74,26,16,16,24,24,12,10,15,46560,4,49872.44749,43359.61483
Germany,2013,74,21,19,14,21,26,10,14,15,47220,4,49954.17375,44993.89275
Germany,2014,74,21,14,17,25,21,11,14,13,47640,4,50845.527,47011.55109
Germany,2015,74,20,10,18,22,20,10,14,12,45780,4,51159.29746,47609.781
Germany,2016,74,18,10,22,16,15,8,7,10,44280,4,51879.67259,50579.68393
Germany,2017,74,18,10,20,16,15,8,7,9,43760,4,53071.45557,53071.45557
Germany,2018,74,16,10,19,19,13,10,7,9,47470,4,53486.84057,55235.3663
Germany,2019,74,16,3,13,20,12,10,10,9,49190,4,53929.63929,55652.88749
Germany,2020,74,18,5,12,24,12,10,9,9,47520,4,51423.23504,54844.54597
Germany,2021,74,17,3,21,20,12,9,11,10,51040,4,52930.80887,57927.59007
Germany,2022,74,20,2,23,14,19,9,7,8,,,,
Ghana,2011,75,53,60,93,99,63,61,91,70,1380,2,4261.620748,3379.484599
Ghana,2012,75,90,102,107,73,83,91,98,92,1530,2,4548.579354,3781.865529
Ghana,2013,75,100,93,123,104,68,56,122,94,1840,2,4769.072559,5294.820028
Ghana,2014,75,104,94,129,112,84,54,112,96,1880,2,4794.147084,5568.235957
Ghana,2015,75,109,94,107,123,100,76,119,108,1940,2,4785.994683,5206.028871
Ghana,2016,75,114,85,96,101,92,87,104,102,1810,2,4837.537957,4992.730339
Ghana,2017,75,,,,,,,,,1880,2,5115.90675,5115.90675
Ghana,2018,75,114,96,106,114,76,100,108,107,2120,2,5315.253905,5442.2359
Ghana,2019,75,115,97,103,121,86,89,100,106,2230,2,5540.045627,5773.860982
Ghana,2020,75,121,104,96,111,113,104,90,108,2310,2,5451.121442,5749.655385
Ghana,2021,75,120,101,97,115,108,104,94,112,2360,2,5623.80586,6178.285065
Ghana,2022,75,100,101,96,119,88,103,77,95,,,,
Greece,2011,77,59,33,42,96,76,83,69,63,24560,4,30318.40467,25671.51609
Greece,2012,77,59,39,43,88,88,75,92,66,23180,4,28322.57306,24911.11963
Greece,2013,77,53,32,48,54,81,83,77,55,22430,4,27810.91123,25986.65032
Greece,2014,77,57,31,52,73,78,55,65,50,22010,4,28129.96132,26625.06181
Greece,2015,77,52,28,42,49,90,71,49,45,20190,4,28260.38667,26760.3633
Greece,2016,77,51,18,46,41,87,62,45,40,18640,4,28239.91921,27511.80102
Greece,2017,77,59,16,58,48,80,74,51,44,17960,4,28604.86094,28604.86094
Greece,2018,77,54,20,59,49,65,54,51,42,19080,4,29141.17438,29617.54834
Greece,2019,77,51,20,43,54,59,53,53,41,19670,4,29698.03048,30356.2664
Greece,2020,77,52,20,41,75,62,47,59,43,17950,4,27072.61865,27948.64973
Greece,2021,77,51,16,45,70,60,52,69,47,20140,4,29428.39302,31295.14533
Greece,2022,77,69,31,46,64,55,46,54,44,,,,
Guatemala,2011,81,100,109,82,71,100,112,52,86,2910,2,7503.674656,6910.876502
Guatemala,2012,81,118,115,101,80,54,126,77,99,3160,2,7590.755467,7204.732938
Guatemala,2013,81,110,114,102,51,53,95,86,87,3380,2,7734.117707,7446.588009
Guatemala,2014,81,83,113,100,61,77,98,94,93,3550,2,7939.374378,7758.49317
Guatemala,2015,81,110,110,117,62,68,109,89,101,3700,2,8125.655534,8194.440681
Guatemala,2016,81,102,108,113,60,55,98,88,97,3870,2,8206.047987,8221.746427
Guatemala,2017,81,107,107,103,77,47,111,84,98,4100,3,8322.21681,8322.21681
Guatemala,2018,81,115,122,105,99,51,112,84,102,4400,3,8462.172107,8664.33432
Guatemala,2019,81,117,121,112,93,50,111,90,107,4610,3,8653.308195,9018.51752
Guatemala,2020,81,117,123,113,79,82,116,81,106,4490,3,8393.284472,8852.947743
Guatemala,2021,81,117,120,122,77,79,90,75,101,4940,3,8892.483692,9769.238227
Guatemala,2022,81,122,121,119,107,89,91,99,110,,,,
Guinea,2011,82,,,,,,,,,680,1,1932.50574,1743.949109
Guinea,2012,82,,,,,,,,,700,1,2002.32161,1795.447808
Guinea,2013,82,133,137,136,141,109,98,90,126,700,1,2035.318549,1811.332518
Guinea,2014,82,132,140,139,142,107,138,126,139,740,1,2061.694838,1804.543283
Guinea,2015,82,132,140,141,130,139,135,125,139,760,1,2087.934946,1819.362343
Guinea,2016,82,121,127,126,128,119,126,123,127,780,1,2253.477596,2078.641003
Guinea,2017,82,112,126,121,126,124,127,122,126,820,1,2417.803795,2417.803795
Guinea,2018,82,103,125,115,123,75,125,95,119,860,1,2499.707266,2559.425545
Guinea,2019,82,108,128,121,125,110,129,98,125,950,1,2566.322989,2674.633599
Guinea,2020,82,105,131,130,126,93,131,95,130,960,1,2611.403311,2754.418384
Guinea,2021,82,100,132,131,131,121,132,96,130,1010,1,2620.249519,2878.593051
Guinea,2022,82,95,132,131,131,109,131,119,132,,,,
Guyana,2011,84,78,69,49,91,67,31,79,61,4820,3,10275.87598,9987.421428
Guyana,2012,84,88,94,128,99,23,76,51,77,5290,3,10780.9365,10479.77808
Guyana,2013,84,86,120,138,116,17,77,46,78,5540,3,11117.52279,11023.22968
Guyana,2014,84,89,130,116,123,13,117,52,80,5570,3,11244.39739,10951.79324
Guyana,2015,84,87,129,115,134,6,137,44,86,5470,3,11261.77956,11198.30115
Guyana,2016,84,,,,,,,,,5600,3,11631.05672,11296.76997
Guyana,2017,84,,,,,,,,,5910,3,12005.4051,12005.4051
Guyana,2018,84,,,,,,,,,6290,3,12477.58064,12775.6714
Guyana,2019,84,,,,,,,,,6630,3,13082.18148,13634.30959
Guyana,2020,84,,,,,,,,,8220,3,18679.95543,19702.97442
Guyana,2021,84,,,,,,,,,9380,3,22295.48997,24493.71407
Guyana,2022,84,,,,,,,,,,,,
Honduras,2011,87,106,101,86,68,102,121,61,98,1880,2,4956.402852,3928.268538
Honduras,2012,87,127,104,96,89,97,124,104,111,1970,2,5065.456999,4032.580856
Honduras,2013,87,117,88,100,78,80,121,105,107,2010,2,5113.459151,4142.238456
Honduras,2014,87,125,103,111,64,67,125,120,118,2010,2,5177.415197,4452.587991
Honduras,2015,87,123,106,102,64,72,123,97,113,2060,2,5283.416914,4823.395396
Honduras,2016,87,117,101,104,54,44,117,92,101,2120,2,5395.614551,5147.245133
Honduras,2017,87,117,102,104,66,70,117,93,104,2250,2,5561.994542,5561.994542
Honduras,2018,87,116,101,110,65,71,117,96,105,2330,2,5680.362884,5816.067372
Honduras,2019,87,121,100,109,75,76,110,96,104,2390,2,5736.181633,5978.274828
Honduras,2020,87,125,99,109,56,74,97,104,103,2190,2,5138.385398,5419.792164
Honduras,2021,87,121,96,116,62,72,118,102,108,2540,2,5691.423197,6252.569135
Honduras,2022,87,125,96,101,104,78,110,120,113,,,,
Hong Kong (China),2011,88,4,30,2,1,5,24,1,4,35690,4,53471.85416,52277.46644
Hong Kong (China),2012,88,7,26,4,1,3,34,11,8,36340,4,53783.98756,52234.59232
Hong Kong (China),2013,88,9,21,1,1,3,38,5,7,38570,4,55229.64247,53691.83748
Hong Kong (China),2014,88,8,23,1,3,6,45,6,10,40240,4,56358.05572,54781.64716
Hong Kong (China),2015,88,8,19,2,2,15,31,8,11,41180,4,57214.67981,56408.93627
Hong Kong (China),2016,88,4,19,2,2,12,30,17,14,42970,4,58098.41126,57225.09
Hong Kong (China),2017,88,3,28,4,2,16,25,25,16,46380,4,59842.213,59842.213
Hong Kong (China),2018,88,10,25,1,2,15,26,13,14,50050,4,61055.33662,62513.95527
Hong Kong (China),2019,88,7,28,4,3,20,33,3,13,50480,4,59588.50493,62103.41335
Hong Kong (China),2020,88,5,23,11,1,24,54,1,11,48560,4,55917.64746,58980.01105
Hong Kong (China),2021,88,11,25,6,3,24,62,1,14,54450,4,60051.75485,65972.55833
Hong Kong (China),2022,88,10,13,6,2,27,60,5,14,,,,
Hungary,2011,89,31,36,39,36,30,18,16,25,13260,4,25012.2947,23038.80802
Hungary,2012,89,32,38,28,56,38,21,43,31,13090,4,24825.58083,23275.23186
Hungary,2013,89,38,37,30,87,36,13,37,31,13520,4,25343.71384,24556.71535
Hungary,2014,89,40,42,36,115,45,24,35,35,13560,4,26485.41282,25699.7505
Hungary,2015,89,40,43,43,77,57,40,36,35,13230,4,27531.64408,26806.59525
Hungary,2016,89,40,36,41,80,34,15,40,33,13100,4,28218.27918,27947.63769
Hungary,2017,89,40,42,46,91,40,33,42,39,13190,4,29501.12042,29501.12042
Hungary,2018,89,40,38,49,86,32,16,44,33,14980,4,31121.66514,31913.07466
Hungary,2019,89,41,41,40,76,33,17,38,33,16520,4,32553.69447,33514.94179
Hungary,2020,89,43,36,34,89,33,22,46,35,15950,4,31167.71088,33274.34766
Hungary,2021,89,42,36,32,65,31,20,47,34,17740,4,33517.97411,36752.51543
Hungary,2022,89,48,37,35,67,30,23,46,34,,,,
Iceland,2011,90,8,4,12,20,19,8,25,11,37610,4,48186.16729,40936.86783
Iceland,2012,90,14,1,30,42,18,24,4,18,40690,4,48440.25508,42004.44761
Iceland,2013,90,12,5,27,36,24,28,3,13,46960,4,50168.68853,44409.66895
Iceland,2014,90,14,24,30,41,25,36,1,19,48090,4,50450.74161,45996.96875
Iceland,2015,90,13,23,29,43,25,24,1,13,49940,4,52142.93281,49201.0641
Iceland,2016,90,16,30,26,45,22,22,1,13,54910,4,54665.76392,53480.39719
Iceland,2017,90,16,26,25,24,20,18,2,13,60230,4,55638.49206,55638.49206
Iceland,2018,90,15,30,26,46,21,30,8,23,67760,4,56818.19584,57211.30031
Iceland,2019,90,15,30,24,35,23,23,9,20,72900,4,56935.77273,58290.09683
Iceland,2020,90,14,28,31,54,18,34,8,21,62410,4,52375.68113,53616.68471
Iceland,2021,90,14,23,25,25,18,25,10,17,64410,4,53462.65222,57646.40989
Iceland,2022,90,14,29,22,41,14,22,13,20,,,,
India,2011,91,94,104,63,45,84,60,38,62,1360,2,4399.88824,4493.669466
India,2012,91,125,131,78,46,75,47,34,64,1480,2,4583.173198,4861.156152
India,2013,91,102,105,89,49,94,37,65,66,1520,2,4818.522557,5057.233414
India,2014,91,106,96,87,50,93,50,82,76,1560,2,5116.629105,5233.882343
India,2015,91,104,103,87,72,116,49,95,81,1600,2,5464.394057,5464.859178
India,2016,91,96,63,87,33,57,43,94,66,1680,2,5851.39488,5839.864817
India,2017,91,92,64,73,39,55,38,85,60,1820,2,6182.922109,6182.922109
India,2018,91,80,56,77,36,64,43,75,57,2010,2,6514.002554,6669.622784
India,2019,91,77,53,79,33,65,32,78,52,2100,2,6689.365354,6971.687276
India,2020,91,61,60,75,31,55,27,64,48,1910,2,6186.614395,6525.428052
India,2021,91,62,54,81,28,52,29,68,46,2170,2,6675.349453,7333.505612
India,2022,91,54,43,78,19,54,34,52,40,,,,
Indonesia,2011,92,90,96,81,97,94,94,89,99,3010,2,8680.213342,9095.741723
Indonesia,2012,92,139,92,80,98,94,104,73,100,3580,2,9080.066113,9713.900487
Indonesia,2013,92,138,99,82,99,112,81,57,85,3730,2,9457.018541,10067.46574
Indonesia,2014,92,137,92,83,88,124,93,43,87,3620,2,9801.166283,10278.17731
Indonesia,2015,92,130,87,85,86,124,100,78,97,3430,2,10149.60387,10247.20634
Indonesia,2016,92,122,92,80,62,106,71,85,88,3400,2,10531.11097,10494.4738
Indonesia,2017,92,120,92,81,64,96,70,77,87,3530,2,10935.63172,10935.63172
Indonesia,2018,92,97,94,82,59,89,86,71,85,3840,2,11371.72556,11643.39732
Indonesia,2019,92,99,90,75,64,95,82,76,85,4050,3,11812.10243,12310.62737
Indonesia,2020,92,111,92,80,62,114,71,83,85,3870,2,11445.61403,12072.43996
Indonesia,2021,92,107,91,68,57,110,74,91,87,4140,2,11746.21669,12904.33506
Indonesia,2022,92,71,90,68,36,92,78,72,75,,,,
Iran (Islamic Republic of),2011,93,114,58,92,117,114,45,100,95,7020,3,15652.39097,19415.61396
Iran (Islamic Republic of),2012,93,128,54,88,133,49,73,131,104,7660,3,14885.38907,17153.0675
Iran (Islamic Republic of),2013,93,132,56,79,133,120,96,127,113,7530,3,14478.27337,16351.70173
Iran (Islamic Republic of),2014,93,131,46,81,139,136,113,128,120,6960,3,15006.94477,16210.91989
Iran (Islamic Republic of),2015,93,126,46,68,139,130,90,116,106,5710,3,14599.66422,14409.57835
Iran (Islamic Republic of),2016,93,112,48,91,102,111,65,75,78,5730,3,15672.63307,15351.44942
Iran (Islamic Republic of),2017,93,106,45,99,112,115,47,65,75,5750,3,15883.39425,15883.39425
Iran (Islamic Republic of),2018,93,110,45,87,106,108,41,59,65,5110,3,15311.63322,15677.4298
Iran (Islamic Republic of),2019,93,116,43,68,100,113,46,45,61,4260,3,14903.51943,15532.51636
Iran (Islamic Republic of),2020,93,120,46,69,108,112,59,48,67,3370,2,14971.25,15791.15951
Iran (Islamic Republic of),2021,93,124,49,70,82,115,46,46,60,,,,
Iran (Islamic Republic of),2022,93,131,54,75,11,115,50,33,53,,,,
Ireland,2011,95,6,10,23,6,3,11,58,13,42220,4,53298.81288,45080.1887
Ireland,2012,95,4,7,35,6,2,6,38,9,40730,4,53045.65382,46361.46369
Ireland,2013,95,8,9,37,8,6,4,26,10,43510,4,53435.6393,47830.63089
Ireland,2014,95,9,18,38,7,4,10,19,11,46410,4,57668.75547,51098.26668
Ireland,2015,95,15,20,24,13,5,7,12,8,50390,4,71508.73384,69028.77272
Ireland,2016,95,12,20,19,19,8,3,10,7,51810,4,72150.03997,71498.60101
Ireland,2017,95,12,18,17,25,10,5,13,10,53350,4,77749.20196,77749.20196
Ireland,2018,95,17,17,4,29,10,4,19,10,59350,4,83726.36296,84555.6348
Ireland,2019,95,18,22,5,39,13,6,19,12,63300,4,86650.00466,87379.69297
Ireland,2020,95,17,22,10,35,14,5,21,15,65750,4,90789.22102,93350.08753
Ireland,2021,95,18,27,4,48,17,15,29,19,74520,4,102154.4345,106455.753
Ireland,2022,95,16,23,15,55,13,14,29,23,,,,
Iraq,2011,231,,,,,,,,,4960,3,8949.936939,13515.54593
Iraq,2012,231,,,,,,,,,6310,3,9824.808712,15163.35014
Iraq,2013,231,,,,,,,,,7050,3,10170.21965,15535.34598
Iraq,2014,231,,,,,,,,,6750,3,9818.652308,13888.07638
Iraq,2015,231,,,,,,,,,5800,3,9946.976574,9763.90409
Iraq,2016,231,,,,,,,,,5340,3,10997.38699,9428.606621
Iraq,2017,231,,,,,,,,,4640,3,10526.37091,10526.37091
Iraq,2018,231,,,,,,,,,5040,3,10556.02426,10808.20883
Iraq,2019,231,,,,,,,,,5780,3,10889.8025,11349.40215
Iraq,2020,231,,,,,,,,,4990,3,9437.495166,9954.345263
Iraq,2021,231,,,,,,,,,5040,3,9474.778025,10408.94388
Iraq,2022,231,127,93,124,128,132,125,129,131,,,,
Israel,2011,97,46,2,25,17,13,4,37,14,31760,4,35086.72735,30636.35238
Israel,2012,97,47,4,21,9,19,10,27,17,32540,4,35417.29457,31846.35583
Israel,2013,97,56,8,23,13,5,3,23,14,34670,4,36423.19316,34324.37815
Israel,2014,97,54,5,20,12,3,7,30,15,36300,4,37204.50261,34366.18102
Israel,2015,97,54,11,26,21,11,9,29,22,36200,4,37306.13283,35469.9502
Israel,2016,97,52,16,25,22,6,12,26,21,36540,4,38214.48536,37843.19463
Israel,2017,97,49,15,28,15,5,9,30,17,37970,4,39121.29583,39121.29583
Israel,2018,97,34,14,25,13,3,7,15,11,41320,4,39903.4211,39906.12468
Israel,2019,97,31,14,33,16,3,7,14,10,43540,4,40626.21527,40004.03051
Israel,2020,97,35,15,40,14,3,4,26,13,42610,4,39056.41853,39489.28078
Israel,2021,97,34,19,40,8,8,6,30,15,49560,4,41582.47338,43721.62304
Israel,2022,97,41,24,42,7,6,7,36,16,,,,
Italy,2011,98,49,39,30,53,36,46,43,35,37980,4,42892.30556,36598.01497
Italy,2012,98,36,41,22,59,35,35,45,36,36220,4,41501.71123,36486.29679
Italy,2013,98,37,34,20,33,31,21,43,29,35570,4,40268.11279,36314.6971
Italy,2014,98,39,33,26,52,35,23,48,31,34910,4,39898.52646,36194.87392
Italy,2015,98,38,33,17,39,39,22,47,31,33000,4,40247.82904,36899.38521
Italy,2016,98,38,31,18,25,36,25,32,29,31970,4,40837.73763,39926.95466
Italy,2017,98,38,32,19,36,35,26,33,29,31380,4,41581.12079,41581.12079
Italy,2018,98,32,32,18,44,34,24,38,31,33850,4,42045.92147,43036.24378
Italy,2019,98,34,31,22,50,29,22,37,30,34940,4,42746.29575,44376.1625
Italy,2020,98,37,32,19,50,34,18,27,28,32380,4,39071.02333,41987.81596
Italy,2021,98,36,31,26,43,32,18,34,29,35710,4,41937.21115,45935.99655
Italy,2022,98,58,28,26,35,33,16,16,28,,,,
Jamaica,2011,99,55,68,109,105,52,118,95,92,4590,3,9546.493803,8159.876165
Jamaica,2012,99,54,68,109,112,70,139,68,91,4980,3,9433.845758,8187.193674
Jamaica,2013,99,54,92,103,111,104,116,58,82,5010,3,9427.678977,8442.983667
Jamaica,2014,99,53,84,109,94,72,100,80,82,4910,3,9438.476912,8545.102837
Jamaica,2015,99,59,92,99,74,80,120,96,96,4700,3,9473.106195,8792.056957
Jamaica,2016,99,57,88,102,86,80,110,91,89,4600,3,9553.096196,9194.156739
Jamaica,2017,99,57,88,108,95,69,108,67,84,4750,3,9600.104746,9600.104746
Jamaica,2018,99,41,88,108,109,60,91,67,81,5010,3,9734.862288,9967.429208
Jamaica,2019,99,42,86,105,114,64,94,60,81,5250,3,9777.005686,10189.6402
Jamaica,2020,99,42,88,110,110,60,107,42,72,4670,3,8761.019375,9240.821869
Jamaica,2021,99,43,86,104,116,58,95,51,74,4800,3,9126.115344,10025.90479
Jamaica,2022,99,56,84,99,110,67,89,34,76,,,,
Japan,2011,100,20,20,13,19,14,13,65,20,47470,4,38149.61811,36214.43977
Japan,2012,100,23,19,7,18,21,15,69,25,50060,4,38735.89635,37605.97426
Japan,2013,100,20,12,9,14,21,16,63,22,48850,4,39569.63657,39402.0251
Japan,2014,100,18,17,11,13,17,12,46,21,44440,4,39739.54112,39555.41201
Japan,2015,100,17,13,5,12,16,14,43,19,39380,4,40402.58151,40898.80697
Japan,2016,100,15,13,7,8,10,13,36,16,38460,4,40727.96888,40596.96866
Japan,2017,100,13,14,9,12,11,12,36,14,38930,4,41444.21574,41444.21574
Japan,2018,100,8,16,9,10,11,12,31,13,41770,4,41739.20332,42116.47435
Japan,2019,100,10,21,9,10,11,12,35,15,42010,4,41697.41194,42282.55089
Japan,2020,100,8,24,8,9,10,13,24,16,40810,4,39935.46472,42100.25769
Japan,2021,100,7,20,9,15,10,11,18,13,42620,4,40769.82816,42940.40525
Japan,2022,100,21,21,12,9,8,11,19,13,,,,
Jordan,2011,102,62,50,96,44,77,77,10,41,3620,2,11016.39524,9402.616204
Jordan,2012,102,57,49,97,85,116,83,24,56,3720,2,10688.28934,9189.189214
Jordan,2013,102,59,53,90,65,47,75,59,61,3830,2,10414.92128,9322.302454
Jordan,2014,102,61,72,92,126,41,59,61,64,3920,2,10284.6701,9181.046372
Jordan,2015,102,65,81,81,118,76,83,69,75,3950,2,10145.8367,9464.682242
Jordan,2016,102,63,86,79,115,116,79,78,82,4000,3,10036.54362,9445.916863
Jordan,2017,102,64,83,87,116,104,79,72,83,4080,3,10003.57498,10003.57498
Jordan,2018,102,68,62,79,112,123,85,57,79,4270,3,10013.39766,10252.61882
Jordan,2019,102,67,68,91,106,128,84,67,86,4410,3,10071.37989,10496.43835
Jordan,2020,102,63,78,95,52,94,82,84,81,4310,3,9816.554516,10354.16403
Jordan,2021,102,63,84,102,47,85,76,88,81,4480,3,9969.106441,10952.01061
Jordan,2022,102,45,76,100,52,75,76,78,78,,,,
Kazakhstan,2011,103,68,74,60,75,60,81,113,84,8280,3,21970.08392,20779.44425
Kazakhstan,2012,103,52,85,58,92,62,85,119,83,9940,3,22702.57884,22032.17454
Kazakhstan,2013,103,64,64,52,89,90,92,116,84,11840,3,23720.81607,24504.76609
Kazakhstan,2014,103,67,63,44,98,106,82,106,79,12080,3,24355.75612,24726.47287
Kazakhstan,2015,103,67,66,54,96,110,96,117,82,11380,3,24290.41763,23224.11784
Kazakhstan,2016,103,54,66,54,92,96,83,99,75,8770,3,24210.86296,23818.82483
Kazakhstan,2017,103,55,71,60,80,87,88,95,78,8040,3,24862.96612,24862.96612
Kazakhstan,2018,103,52,71,61,51,78,79,100,74,8070,3,25544.34476,26154.60194
Kazakhstan,2019,103,49,67,67,69,78,81,102,79,8820,3,26351.80444,27463.97155
Kazakhstan,2020,103,49,68,66,53,71,80,105,77,8710,3,25361.50799,26750.44623
Kazakhstan,2021,103,45,66,58,80,78,86,110,79,8720,3,26033.23843,28599.98588
Kazakhstan,2022,103,52,60,58,90,68,81,118,83,,,,
Kenya,2011,104,95,44,102,63,51,105,108,89,1000,1,3776.094079,2723.546449
Kenya,2012,104,103,72,120,41,66,102,116,96,1050,2,3844.855325,2830.694373
Kenya,2013,104,103,122,117,44,69,90,98,99,1110,2,3887.728239,3097.630627
Kenya,2014,104,97,117,127,40,91,70,73,85,1230,2,3979.724655,3357.641641
Kenya,2015,104,96,125,110,98,86,82,85,92,1300,2,4074.620682,3683.041911
Kenya,2016,104,90,120,98,79,64,77,60,80,1460,2,4144.744334,3930.893858
Kenya,2017,104,84,119,97,56,62,63,79,80,1510,2,4203.585011,4203.585011
Kenya,2018,104,84,112,103,61,49,70,56,78,1680,2,4339.774633,4443.452322
Kenya,2019,104,78,104,116,48,61,72,61,77,1830,2,4459.210605,4647.409761
Kenya,2020,104,78,110,114,57,68,70,91,86,1840,2,4349.010163,4587.18632
Kenya,2021,104,80,92,114,54,77,65,95,85,2010,2,4572.668925,5023.511272
Kenya,2022,104,82,119,107,111,80,74,79,88,,,,
Republic of Korea (the),2011,107,35,7,6,12,26,7,27,16,23590,4,35388.97691,32546.75365
Republic of Korea (the),2012,107,27,8,3,16,25,9,59,21,25660,4,36049.19349,33557.12872
Republic of Korea (the),2013,107,32,2,4,17,32,12,54,18,26980,4,37021.13416,34244.31214
Republic of Korea (the),2014,107,32,3,5,14,30,6,37,16,28160,4,37967.47562,35324.49767
Republic of Korea (the),2015,107,33,2,8,16,30,5,28,14,28720,4,38828.741,37902.4004
Republic of Korea (the),2016,107,31,3,9,14,13,5,21,11,29330,4,39814.65893,39575.45428
Republic of Korea (the),2017,107,35,2,13,14,17,6,15,11,30300,4,40957.41806,40957.41806
Republic of Korea (the),2018,107,26,2,13,14,20,9,17,12,32750,4,41965.89054,43044.29176
Republic of Korea (the),2019,107,26,1,15,11,10,13,17,11,33830,4,42758.59037,42998.38824
Republic of Korea (the),2020,107,29,1,14,11,7,11,14,10,32930,4,42335.86534,45225.84454
Republic of Korea (the),2021,107,28,1,12,18,7,8,8,5,34980,4,44116.01344,46918.47482
Republic of Korea (the),2022,107,31,1,13,21,9,10,4,6,,,,
Kuwait,2011,109,39,67,48,40,115,23,103,52,43790,4,60887.68312,78178.22037
Kuwait,2012,109,60,61,65,51,95,53,66,55,49690,4,61416.9785,82680.40594
Kuwait,2013,109,68,72,59,75,114,15,73,50,53060,4,58995.36996,78058.38006
Kuwait,2014,109,72,91,61,79,98,43,87,69,51000,4,56647.43748,70082.46284
Kuwait,2015,109,76,89,51,93,132,63,86,77,41820,4,54834.39173,47230.66013
Kuwait,2016,109,75,72,48,50,127,51,64,67,35330,4,54708.97985,44685.49743
Kuwait,2017,109,76,68,49,58,127,41,55,56,31400,4,50855.55291,50855.55291
Kuwait,2018,109,89,81,46,63,111,45,63,60,33710,4,51070.81848,52290.9059
Kuwait,2019,109,90,81,53,41,100,52,56,60,36200,4,49946.73126,52054.71258
Kuwait,2020,109,88,63,55,81,98,73,88,78,,,44847.05398,47303.12985
Kuwait,2021,109,86,69,43,94,100,60,89,72,,4,,
Kuwait,2022,109,86,55,36,73,101,68,60,62,,,,
Kyrgyz Republic,2011,110,104,95,97,61,75,53,104,85,880,1,4334.660789,3297.366837
Kyrgyz Republic,2012,110,100,86,102,34,131,119,130,109,1040,2,4259.318204,3618.149726
Kyrgyz Republic,2013,110,109,85,107,50,115,111,133,117,1190,2,4631.403267,4042.893053
Kyrgyz Republic,2014,110,102,66,90,43,125,107,137,112,1250,2,4722.086002,4281.824074
Kyrgyz Republic,2015,110,105,70,114,56,99,88,132,109,1180,2,4805.141092,4214.829509
Kyrgyz Republic,2016,110,97,71,100,65,109,96,111,103,1110,2,4912.382484,4681.174733
Kyrgyz Republic,2017,110,102,74,94,61,89,87,111,95,1110,2,5046.691535,5046.691535
Kyrgyz Republic,2018,110,98,68,94,67,79,82,115,94,1220,2,5133.151914,5255.783473
Kyrgyz Republic,2019,110,92,60,89,36,84,85,122,90,1240,2,5258.366696,5480.293907
Kyrgyz Republic,2020,110,92,73,97,66,105,81,117,94,1180,2,4726.196559,4985.029555
Kyrgyz Republic,2021,110,95,70,87,52,107,102,120,98,1180,2,4813.230183,5287.79067
Kyrgyz Republic,2022,110,113,63,86,51,107,92,121,94,,,,
Lao People's Democratic Republic,2011,111,,,,,,,,,1140,2,5158.835576,4150.826134
Lao People's Democratic Republic,2012,111,138,140,133,109,39,107,139,138,1370,2,5489.040283,4841.645315
Lao People's Democratic Republic,2013,111,,,,,,,,,1610,2,5841.881828,5289.478007
Lao People's Democratic Republic,2014,111,,,,,,,,,1830,2,6193.340326,5873.749297
Lao People's Democratic Republic,2015,111,,,,,,,,,1980,2,6543.670689,6168.481302
Lao People's Democratic Republic,2016,111,,,,,,,,,2130,2,6896.127374,6843.559583
Lao People's Democratic Republic,2017,111,,,,,,,,,2260,2,7257.812107,7257.812107
Lao People's Democratic Republic,2018,111,,,,,,,,,2490,2,7592.829475,7774.222998
Lao People's Democratic Republic,2019,111,,,,,,,,,2540,2,7886.652814,8219.505763
Lao People's Democratic Republic,2020,111,130,113,118,117,72,108,86,113,2490,2,7810.73497,8238.494568
Lao People's Democratic Republic,2021,111,130,113,123,103,70,127,90,117,2520,2,7895.569888,8674.033695
Lao People's Democratic Republic,2022,111,103,111,118,57,104,122,114,112,,,,
Latvia,2011,112,36,47,40,38,59,68,33,36,12740,4,22118.40927,19248.4194
Latvia,2012,112,30,50,38,22,53,37,21,30,13800,4,23970.43506,21290.45959
Latvia,2013,112,29,47,39,28,35,44,34,33,14850,4,24715.72077,22639.06834
Latvia,2014,112,29,51,46,42,39,35,29,34,15340,4,25423.64488,23815.80006
Latvia,2015,112,31,54,31,44,46,38,24,33,15110,4,26628.45817,24972.78609
Latvia,2016,112,29,67,30,43,40,41,25,34,14800,4,27509.17311,26721.7262
Latvia,2017,112,28,52,42,38,39,48,14,33,14870,4,28673.5634,28673.5634
Latvia,2018,112,31,53,45,24,36,51,23,34,16550,4,30050.71649,30877.04193
Latvia,2019,112,32,44,51,40,41,45,22,34,17810,4,31012.1351,31883.25911
Latvia,2020,112,30,44,45,43,41,42,28,36,17900,4,30053.26324,31424.90221
Latvia,2021,112,29,46,55,45,40,45,39,38,19370,4,31688.52661,34468.60211
Latvia,2022,112,35,48,52,65,36,44,42,41,,,,
Lebanon,2011,113,86,51,75,67,39,35,56,49,7560,3,18614.76257,14669.41582
Lebanon,2012,113,75,57,72,90,33,48,93,61,7560,3,17935.14269,14813.13213
Lebanon,2013,113,79,48,69,57,41,109,71,75,7650,3,17439.45432,14967.44766
Lebanon,2014,113,81,50,77,95,38,96,93,77,7540,3,16879.18114,15017.34706
Lebanon,2015,113,95,42,80,100,77,93,73,74,7290,3,16252.12012,15064.73931
Lebanon,2016,113,91,76,84,99,63,74,51,70,7220,3,16058.36576,15462.34275
Lebanon,2017,113,100,78,88,96,61,82,81,81,7460,3,15953.67042,15953.67042
Lebanon,2018,113,104,79,86,76,67,107,85,90,7590,3,15561.63189,15933.40097
Lebanon,2019,113,102,82,93,95,75,109,68,88,7280,3,14493.37237,15105.05921
Lebanon,2020,113,103,85,98,90,80,76,85,87,4660,3,10786.08742,11376.79398
Lebanon,2021,113,112,87,100,90,64,91,92,92,3450,2,9731.716602,10691.21532
Lebanon,2022,113,,,,,,,,,,,,
Lesotho,2011,114,,,,,,,,,1360,2,2444.928082,2290.128695
Lesotho,2012,114,65,90,84,121,121,132,126,116,1500,2,2585.365725,2308.929035
Lesotho,2013,114,70,83,71,118,127,124,136,124,1460,2,2614.14311,2563.068351
Lesotho,2014,114,74,81,98,74,73,129,131,117,1350,2,2639.445825,2804.178667
Lesotho,2015,114,74,85,111,107,114,132,105,118,1310,2,2701.421855,3077.397834
Lesotho,2016,114,,,,,,,,,1270,2,2776.740984,2990.283703
Lesotho,2017,114,,,,,,,,,1190,2,2668.291425,2668.291425
Lesotho,2018,114,,,,,,,,,1230,2,2614.658849,2677.123334
Lesotho,2019,114,,,,,,,,,1330,2,2656.115855,2768.216136
Lesotho,2020,114,,,,,,,,,1210,2,2435.932437,2569.337741
Lesotho,2021,114,,,,,,,,,1270,2,2441.514388,2682.235528
Lesotho,2022,114,,,,,,,,,,,,
Lithuania,2011,118,33,34,35,48,74,78,49,40,13320,4,25968.58342,22884.82495
Lithuania,2012,118,37,37,26,38,76,42,35,38,14100,4,27330.89595,24703.68582
Lithuania,2013,118,43,35,25,45,62,66,55,40,15340,4,28589.02666,26721.57967
Lithuania,2014,118,38,34,42,46,70,56,56,39,16070,4,29855.83149,28184.47233
Lithuania,2015,118,39,41,40,48,59,55,35,38,15190,4,30748.19631,28834.42768
Lithuania,2016,118,37,26,33,53,48,60,37,36,14890,4,31925.80342,30925.17085
Lithuania,2017,118,36,46,31,32,41,66,38,40,15280,4,33761.87124,33761.87124
Lithuania,2018,118,38,46,32,50,35,58,33,40,17470,4,35446.70808,36376.18982
Lithuania,2019,118,33,47,44,51,39,55,30,38,19060,4,37166.21008,38540.78145
Lithuania,2020,118,33,45,38,46,47,48,40,40,19620,4,37107.05664,38880.54527
Lithuania,2021,118,33,43,42,35,45,49,41,39,21610,4,38957.63114,42665.32293
Lithuania,2022,118,26,44,45,32,37,48,47,39,,,,
Luxembourg,2011,119,11,14,20,22,2,20,42,17,79210,4,112998.3905,94475.03023
Luxembourg,2012,119,19,12,18,23,5,18,6,11,87950,4,112137.1355,96636.42664
Luxembourg,2013,119,19,17,19,31,7,43,1,12,85160,4,113050.6633,100925.012
Luxembourg,2014,119,20,27,22,59,2,16,3,9,86760,4,113313.5789,105296.2846
Luxembourg,2015,119,18,34,25,31,2,13,2,9,73530,4,113182.7286,107859.686
Luxembourg,2016,119,19,33,27,69,2,11,2,12,73730,4,116283.6997,113365.1761
Luxembourg,2017,119,19,33,24,78,7,15,1,12,75800,4,114985.8422,114985.8422
Luxembourg,2018,119,24,42,23,70,7,14,2,15,79540,4,115049.9261,116965.5861
Luxembourg,2019,119,24,38,25,68,8,18,2,18,77110,4,116518.2768,117341.9151
Luxembourg,2020,119,26,41,23,32,9,31,3,18,81110,4,112557.3095,117846.1365
Luxembourg,2021,119,27,40,33,53,9,38,3,23,,,118680.0437,134753.7977
Luxembourg,2022,119,5,32,40,31,4,33,9,19,,,,
Madagascar,2011,121,91,115,61,112,116,106,102,113,480,1,1534.939965,1548.327416
Madagascar,2012,121,89,119,115,107,130,138,107,126,500,1,1538.516682,1530.93409
Madagascar,2013,121,90,118,137,122,137,137,124,140,520,1,1531.778591,1535.488435
Madagascar,2014,121,91,124,123,116,122,124,115,124,520,1,1540.744961,1555.82248
Madagascar,2015,121,99,120,137,103,113,124,113,125,490,1,1546.767216,1546.83722
Madagascar,2016,121,99,114,122,103,120,112,80,111,470,1,1565.867725,1606.667405
Madagascar,2017,121,99,116,125,106,116,113,88,111,470,1,1584.424519,1584.424519
Madagascar,2018,121,106,108,123,102,112,93,80,106,500,1,1592.053801,1630.088139
Madagascar,2019,121,109,109,126,98,125,96,113,121,520,1,1618.532561,1686.842064
Madagascar,2020,121,108,116,127,115,121,109,93,115,470,1,1463.787723,1543.952938
Madagascar,2021,121,108,116,132,122,125,99,61,110,500,1,1488.645037,1635.418012
Madagascar,2022,121,120,105,132,109,118,115,68,106,,,,
Malawi,2011,122,92,94,117,107,72,117,94,108,490,1,1400.593643,1508.192132
Malawi,2012,122,82,110,138,116,99,99,127,120,460,1,1386.789994,1467.138181
Malawi,2013,122,88,139,140,124,103,65,129,119,410,1,1418.074331,1572.833472
Malawi,2014,122,95,136,118,128,50,84,125,113,370,1,1457.47302,1530.930754
Malawi,2015,122,103,136,118,114,32,66,104,98,350,1,1457.503692,1445.735112
Malawi,2016,122,94,117,117,119,47,66,95,98,340,1,1453.777365,1454.358941
Malawi,2017,122,93,122,117,118,66,98,118,115,380,1,1472.146868,1472.146868
Malawi,2018,122,100,121,116,110,84,105,110,114,440,1,1496.732217,1532.489312
Malawi,2019,122,105,122,125,107,72,99,114,118,560,1,1537.141177,1602.01559
Malawi,2020,122,106,124,128,58,92,92,107,111,590,1,1508.842902,1591.475591
Malawi,2021,122,105,122,127,81,95,84,97,107,630,1,1509.504777,1658.334418
Malawi,2022,122,,,,,,,,,,,,
Malaysia,2011,123,51,42,53,10,9,38,40,31,9050,3,21289.25754,21704.74427
Malaysia,2012,123,55,42,41,14,11,36,42,32,10180,3,22132.21692,22985.80166
Malaysia,2013,123,49,40,33,23,27,24,38,32,10840,3,22855.94969,23477.99117
Malaysia,2014,123,50,35,35,17,29,39,39,33,11140,3,23906.22858,24607.66873
Malaysia,2015,123,42,37,44,27,22,35,32,32,10680,3,24787.82375,24801.88843
Malaysia,2016,123,43,34,43,24,29,35,43,35,10150,3,25541.77051,25546.12952
Malaysia,2017,123,53,35,45,20,48,36,45,37,9950,3,26661.50742,26661.50742
Malaysia,2018,123,43,31,43,22,39,33,47,35,10650,3,27577.38056,28236.20719
Malaysia,2019,123,40,33,42,25,36,34,44,35,11260,3,28421.46248,29620.97866
Malaysia,2020,123,40,29,48,20,31,38,35,33,10570,3,26471.67382,27921.41095
Malaysia,2021,123,41,39,51,30,39,31,37,36,10930,3,26959.24926,29617.29676
Malaysia,2022,123,34,38,51,26,41,39,41,36,,,,
Mali,2011,125,89,111,104,114,117,72,105,107,730,1,2085.420849,1826.647557
Mali,2012,125,96,130,135,136,108,93,100,119,730,1,2007.80693,1763.840251
Mali,2013,125,101,125,141,134,106,52,97,106,780,1,1995.159252,1812.96622
Mali,2014,125,117,128,136,130,112,116,81,119,810,1,2075.400681,1915.304472
Mali,2015,125,122,124,130,106,87,77,87,105,800,1,2139.736297,2032.655872
Mali,2016,125,119,121,107,125,79,55,120,112,780,1,2198.560381,2189.006622
Mali,2017,125,110,123,122,124,74,80,121,118,770,1,2246.797421,2246.797421
Mali,2018,125,108,118,118,116,73,76,117,112,830,1,2283.702413,2338.260312
Mali,2019,125,103,123,119,123,68,71,119,112,860,1,2321.702199,2419.688689
Mali,2020,125,107,120,125,119,106,93,120,123,830,1,2225.894238,2347.796674
Mali,2021,125,106,123,124,121,109,94,122,124,870,1,2227.685595,2447.324283
Mali,2022,125,114,128,125,124,110,107,122,126,,,,
Malta,2011,126,,,,,,,,,22120,4,32916.98278,28973.27086
Malta,2012,126,18,47,46,57,4,14,2,16,22160,4,33965.60859,30243.84131
Malta,2013,126,23,62,42,61,13,14,6,24,23370,4,35325.18551,32295.84734
Malta,2014,126,22,49,41,65,23,18,8,25,24560,4,37270.07559,34344.02179
Malta,2015,126,24,40,41,54,38,29,6,26,25230,4,39887.70689,37455.20487
Malta,2016,126,28,38,40,88,25,28,4,26,23440,4,40303.46252,39705.89872
Malta,2017,126,29,37,23,69,21,23,6,26,24710,4,43559.31618,43559.31618
Malta,2018,126,33,40,6,90,16,21,10,26,27950,4,44602.757,45568.72321
Malta,2019,126,35,45,18,80,15,35,4,27,29330,4,45396.73229,47407.88079
Malta,2020,126,34,52,25,74,13,49,4,27,26410,4,40696.73837,43243.17265
Malta,2021,126,37,41,18,63,14,44,9,27,30560,4,44395.33046,47714.45217
Malta,2022,126,28,42,27,33,16,32,2,21,,,,
Mauritania,2011,232,,,,,,,,,1600,2,4725.334067,4225.571262
Mauritania,2012,232,,,,,,,,,1760,2,4792.83905,4262.063697
Mauritania,2013,232,,,,,,,,,1850,2,4846.712453,4481.251842
Mauritania,2014,232,,,,,,,,,1750,2,4908.107752,4295.051489
Mauritania,2015,232,,,,,,,,,1640,2,5024.467256,4200.152563
Mauritania,2016,232,,,,,,,,,1510,2,4944.56903,4700.106262
Mauritania,2017,232,,,,,,,,,1530,2,5108.549132,5108.549132
Mauritania,2018,232,,,,,,,,,1640,2,5193.393556,5317.464294
Mauritania,2019,232,,,,,,,,,1720,2,5343.997921,5569.539163
Mauritania,2020,232,,,,,,,,,1670,2,5109.804948,5389.646488
Mauritania,2021,232,,,,,,,,,1730,2,5089.987374,5591.83474
Mauritania,2022,232,83,112,127,129,111,132,130,129,,,,
Mauritius,2011,130,25,45,74,56,83,49,74,53,8400,3,17454.78008,16653.2438
Mauritius,2012,130,24,70,112,39,58,78,31,49,9550,3,18014.99115,16963.51124
Mauritius,2013,130,30,95,101,30,101,100,31,53,10520,3,18579.37416,17866.30682
Mauritius,2014,130,27,80,67,20,80,72,31,40,10820,3,19240.22471,18488.04679
Mauritius,2015,130,23,95,66,15,98,62,57,49,10700,3,19897.4754,19229.83549
Mauritius,2016,130,24,75,66,39,94,73,65,53,10640,3,20646.933,20701.21897
Mauritius,2017,130,27,76,64,44,86,115,61,64,10980,3,21415.11611,21415.11611
Mauritius,2018,130,59,75,65,45,82,115,68,75,12270,3,22208.13812,22738.69296
Mauritius,2019,130,62,77,76,43,79,116,73,82,12840,4,22869.75631,23834.965
Mauritius,2020,130,22,69,64,16,117,79,43,52,10230,3,19462.93435,20528.83365
Mauritius,2021,130,21,71,65,29,111,93,31,52,10860,3,20244.1616,22240.13496
Mauritius,2022,130,22,66,70,16,96,82,31,45,,,,
Mexico,2011,132,76,73,65,73,89,102,71,81,9310,3,18186.22457,16520.25922
Mexico,2012,132,72,81,50,76,87,94,79,79,10050,3,18594.89447,17162.92737
Mexico,2013,132,66,66,57,72,89,84,48,63,10270,3,18600.37118,17373.89746
Mexico,2014,132,66,56,55,81,81,71,68,66,10500,3,18887.56744,18056.78981
Mexico,2015,132,66,52,69,69,56,50,56,57,10160,3,19268.9144,18301.50047
Mexico,2016,132,65,53,67,51,77,70,62,61,9390,3,19539.26125,19323.66587
Mexico,2017,132,68,55,53,49,71,64,58,58,8920,3,19721.26098,19721.26098
Mexico,2018,132,63,54,56,58,69,60,62,56,9180,3,19928.39618,20096.15665
Mexico,2019,132,66,54,59,57,73,50,55,56,9470,3,19675.44067,19862.5632
Mexico,2020,132,74,58,59,59,59,55,54,55,8530,3,17878.27729,18670.8104
Mexico,2021,132,77,56,67,55,56,53,52,55,9380,3,18544.71206,20036.45539
Mexico,2022,132,93,58,63,54,76,58,50,58,,,,
Republic of Moldova (the),2011,134,72,41,103,70,97,28,32,39,2730,2,9052.866491,6913.602264
Republic of Moldova (the),2012,134,78,55,85,96,104,31,32,50,3140,2,9000.658888,7363.16231
Republic of Moldova (the),2013,134,84,49,81,79,85,26,32,45,3620,2,9817.296264,8381.671813
Republic of Moldova (the),2014,134,80,71,88,49,102,26,32,43,3740,2,10314.40964,8827.054129
Republic of Moldova (the),2015,134,75,74,82,52,83,26,38,44,3300,2,10360.82956,9254.848633
Republic of Moldova (the),2016,134,68,51,75,93,89,31,34,46,3180,2,10942.55084,10610.47782
Republic of Moldova (the),2017,134,72,59,82,62,81,52,39,54,3330,2,11651.31745,11651.31745
Republic of Moldova (the),2018,134,79,69,81,60,90,39,37,48,3920,2,12363.14683,12658.50376
Republic of Moldova (the),2019,134,82,64,88,60,93,44,49,58,4580,3,13026.51597,13576.29474
Republic of Moldova (the),2020,134,81,75,88,42,88,51,51,59,4520,3,12269.92307,12941.89278
Republic of Moldova (the),2021,134,81,77,82,74,87,54,53,64,5460,3,14233.85342,15637.24037
Republic of Moldova (the),2022,134,98,62,84,58,79,49,43,56,,,,
Mongolia,2011,136,61,75,43,41,79,48,110,68,2590,2,8602.94952,8912.873391
Mongolia,2012,136,63,80,74,28,69,90,71,68,3650,2,9476.925969,10227.53027
Mongolia,2013,136,63,77,54,26,56,119,64,72,4330,3,10371.28926,10549.89206
Mongolia,2014,136,63,79,48,33,51,89,54,56,4210,3,10967.11175,11056.29853
Mongolia,2015,136,60,79,52,33,55,85,74,66,3800,2,11009.71496,10648.27398
Mongolia,2016,136,58,83,81,36,85,68,41,55,3490,2,10961.96804,10737.48613
Mongolia,2017,136,60,81,86,35,76,67,34,52,3240,2,11366.30394,11366.30394
Mongolia,2018,136,56,85,76,32,101,71,34,53,3690,2,12028.63565,12316.00107
Mongolia,2019,136,76,84,84,13,108,86,18,53,3850,2,12486.07746,13013.04724
Mongolia,2020,136,76,80,87,13,81,84,30,58,3740,2,11723.8735,12365.93848
Mongolia,2021,136,76,81,91,13,71,85,28,58,3760,2,11708.36094,12862.74693
Mongolia,2022,136,76,64,92,97,61,85,40,71,,,,
Montenegro,2011,137,,,,,,,,,7260,3,17287.40003,14472.48482
Montenegro,2012,137,62,29,68,45,73,71,25,45,7000,3,16802.3827,13863.8907
Montenegro,2013,137,52,29,65,29,64,64,50,44,7330,3,17381.72311,14870.15294
Montenegro,2014,137,51,37,78,53,58,109,57,59,7320,3,17674.60408,15371.14255
Montenegro,2015,137,47,49,70,50,71,54,26,41,7260,3,18263.58986,16332.84831
Montenegro,2016,137,45,49,56,58,46,69,50,51,7090,3,18797.88351,18199.38303
Montenegro,2017,137,48,49,54,65,58,57,48,48,7410,3,19682.2652,19682.2652
Montenegro,2018,137,46,55,57,87,58,96,32,52,8450,3,20686.56152,21513.29975
Montenegro,2019,137,46,56,56,83,62,79,26,45,9140,3,21533.93209,23072.58274
Montenegro,2020,137,44,54,53,61,78,66,36,49,7910,3,18258.9495,19989.65367
Montenegro,2021,137,48,59,60,41,67,78,33,50,9300,3,20566.83806,22795.40727
Montenegro,2022,137,59,61,44,53,58,72,71,60,,,,
Morocco,2011,139,80,61,57,84,110,87,109,94,3000,2,6522.02002,6712.323242
Morocco,2012,139,85,64,73,93,124,80,102,88,2980,2,6625.104004,6702.418457
Morocco,2013,139,81,74,87,96,135,86,107,92,3090,2,6827.852539,6916.013184
Morocco,2014,139,77,64,58,109,134,78,92,84,3060,2,6911.803223,6609.608887
Morocco,2015,139,78,56,46,82,134,73,91,78,3020,2,7126.28418,7024.962891
Morocco,2016,139,74,61,45,98,125,72,67,72,2880,2,7105.855957,7113.004395
Morocco,2017,139,70,63,51,89,122,77,68,72,2880,2,7312.056641,7312.056641
Morocco,2018,139,75,84,50,93,115,78,70,76,3090,2,7446.936035,7624.844238
Morocco,2019,139,72,75,61,94,122,69,69,74,3200,2,7546.754883,7865.262207
Morocco,2020,139,77,81,71,88,107,60,75,75,3020,2,6986.283691,7368.891602
Morocco,2021,139,74,82,84,91,105,67,70,77,3350,2,7412.672852,8143.525391
Morocco,2022,139,85,83,89,74,94,64,44,67,,,,
Mozambique,2011,140,,,,,,,,,540,1,1073.478134,1023.065084
Mozambique,2012,140,98,129,121,95,74,86,125,110,600,1,1120.128481,1035.522437
Mozambique,2013,140,108,132,125,100,49,60,139,121,670,1,1165.408205,1084.98419
Mozambique,2014,140,110,101,105,58,54,69,136,107,690,1,1217.088867,1139.051782
Mozambique,2015,140,116,102,105,76,36,52,128,95,640,1,1262.613128,1291.268034
Mozambique,2016,140,111,94,106,95,38,47,98,84,530,1,1273.783633,1363.674953
Mozambique,2017,140,113,104,110,111,106,72,119,107,470,1,1283.65987,1283.65987
Mozambique,2018,140,122,104,107,121,74,99,114,115,460,1,1289.735948,1320.54788
Mozambique,2019,140,126,105,107,120,98,104,116,119,490,1,1281.780014,1335.877014
Mozambique,2020,140,127,108,83,125,124,122,122,124,470,1,1229.940296,1297.298716
Mozambique,2021,140,127,112,76,126,127,116,115,122,480,1,1221.824336,1342.290121
Mozambique,2022,140,129,114,91,120,121,120,107,123,,,,
Myanmar,2011,141,,,,,,,,,800,1,2947.65737,3224.50102
Myanmar,2012,141,,,,,,,,,990,1,3113.005235,3547.130653
Myanmar,2013,141,,,,,,,,,1160,2,3330.469234,3782.572595
Myanmar,2014,141,140,112,138,135,143,118,134,140,1210,2,3574.031521,4009.962562
Myanmar,2015,141,137,97,139,125,141,103,136,138,1170,2,3663.142302,4105.443377
Myanmar,2016,141,,,,,,,,,1200,2,4020.242953,4031.179736
Myanmar,2017,141,,,,,,,,,1180,2,4224.545031,4224.545031
Myanmar,2018,141,,,,,,,,,1220,2,4467.85855,4574.596178
Myanmar,2019,141,,,,,,,,,1270,2,4739.710438,4939.747975
Myanmar,2020,141,123,107,115,127,131,83,130,129,1340,2,4857.389834,5123.407709
Myanmar,2021,141,123,108,113,124,132,89,131,127,1140,2,3954.999906,4344.943168
Myanmar,2022,141,123,102,128,93,130,100,106,116,,,,
Namibia,2011,142,44,62,85,65,49,113,106,78,5130,3,9324.528879,8958.932313
Namibia,2012,142,50,59,100,53,71,79,95,73,5730,3,9626.539192,9341.106683
Namibia,2013,142,50,100,92,92,78,139,115,109,5950,3,9990.745835,9735.532643
Namibia,2014,142,49,104,113,96,108,137,89,108,5790,3,10413.31422,10467.22804
Namibia,2015,142,53,108,93,112,109,138,80,107,5310,3,10662.82994,10633.29442
Namibia,2016,142,59,100,92,87,117,125,59,93,4740,3,10471.27929,10427.12176
Namibia,2017,142,58,94,92,97,113,123,75,97,4620,3,10171.4215,10171.4215
Namibia,2018,142,66,41,95,105,106,123,74,93,4920,3,10087.45708,10328.44753
Namibia,2019,142,71,112,104,99,101,124,64,101,5170,3,9809.218482,10223.21253
Namibia,2020,142,69,115,112,103,111,127,79,104,4550,3,8872.622653,9358.537168
Namibia,2021,142,73,57,112,92,112,119,105,100,4550,3,8925.201528,9805.181879
Namibia,2022,142,49,72,106,81,108,113,113,96,,,,
Nepal,2011,144,,,,,,,,,630,1,2786.843939,2283.18558
Nepal,2012,144,110,124,110,111,136,135,61,113,770,1,2922.619609,2505.39181
Nepal,2013,144,125,130,122,123,97,127,106,128,860,1,3033.780787,2702.224963
Nepal,2014,144,123,119,119,105,74,141,124,136,880,1,3217.44851,2947.316487
Nepal,2015,144,121,117,116,121,111,140,118,135,890,1,3331.87177,2996.220462
Nepal,2016,144,108,109,115,118,93,103,112,115,880,1,3315.814414,2989.675006
Nepal,2017,144,115,113,105,75,95,112,109,109,990,1,3565.197807,3565.197807
Nepal,2018,144,109,120,100,64,85,114,109,108,1120,2,3773.715918,3863.870402
Nepal,2019,144,110,115,80,72,54,118,112,109,1230,2,3952.760349,4119.584979
Nepal,2020,144,114,114,76,40,58,102,106,95,1190,2,3789.150372,3996.66547
Nepal,2021,144,115,115,98,68,59,121,108,111,1230,2,3878.44442,4260.839694
Nepal,2022,144,117,123,108,59,91,119,101,111,,,,
Netherlands,2011,145,13,32,18,11,8,6,8,9,54590,4,52594.22901,46599.02103
Netherlands,2012,145,11,34,11,15,12,7,3,6,52980,4,51860.05599,47272.10302
Netherlands,2013,145,6,23,10,15,9,6,4,4,52980,4,51640.07669,49241.51784
Netherlands,2014,145,5,22,12,19,11,9,4,5,52000,4,52186.99739,49233.2154
Netherlands,2015,145,7,17,13,17,10,6,4,4,49850,4,52974.11622,50288.59139
Netherlands,2016,145,8,17,12,18,9,16,6,9,46930,4,53847.82655,52288.41508
Netherlands,2017,145,11,19,14,17,1,2,5,3,47160,4,55088.6338,55088.6338
Netherlands,2018,145,7,12,14,20,1,2,3,2,51320,4,56060.91363,57826.6285
Netherlands,2019,145,8,17,14,23,6,3,5,4,53230,4,56784.03725,59004.32497
Netherlands,2020,145,7,14,18,23,4,8,6,5,51070,4,54324.38441,59266.90858
Netherlands,2021,145,6,14,16,31,5,7,7,6,56370,4,56761.01473,63766.88711
Netherlands,2022,145,4,14,14,18,10,5,10,5,,,,
New Zealand,2011,148,2,15,8,18,31,16,15,15,32230,4,38137.49061,32701.3786
New Zealand,2012,148,3,11,25,12,27,19,15,13,36700,4,38780.60562,32988.60976
New Zealand,2013,148,3,16,26,12,28,29,13,17,39930,4,39521.07555,36242.62123
New Zealand,2014,148,2,16,24,8,33,17,17,18,41680,4,40353.10606,37293.35679
New Zealand,2015,148,5,16,20,8,26,20,10,15,40660,4,41020.31258,37479.68298
New Zealand,2016,148,3,15,20,11,30,27,12,17,39440,4,41620.34796,39933.57444
New Zealand,2017,148,2,17,22,8,28,29,16,21,38870,4,42218.53771,42218.53771
New Zealand,2018,148,4,15,22,9,27,37,18,22,41650,4,42862.07098,42520.75442
New Zealand,2019,148,5,16,20,6,31,42,23,25,43050,4,43110.37124,45554.8094
New Zealand,2020,148,4,18,15,10,32,39,33,26,41480,4,41642.02809,44657.77372
New Zealand,2021,148,4,17,22,14,30,39,23,26,45340,4,43301.43159,46419.5087
New Zealand,2022,148,7,18,21,24,31,29,22,24,,,,
Nicaragua,2011,149,116,120,77,49,99,120,73,110,1570,2,4837.57198,4263.177227
Nicaragua,2012,149,99,136,99,66,80,111,113,105,1670,2,5083.328585,4427.946924
Nicaragua,2013,149,97,133,96,71,75,138,92,115,1740,2,5263.484839,4610.298981
Nicaragua,2014,149,98,138,101,78,101,140,109,125,1830,2,5443.31161,4941.699702
Nicaragua,2015,149,100,139,126,104,75,131,127,130,1890,2,5630.372643,5293.870462
Nicaragua,2016,149,92,125,109,76,67,122,113,116,1960,2,5811.915729,5694.054287
Nicaragua,2017,149,,,,,,,,,2030,2,6004.02858,6004.02858
Nicaragua,2018,149,,,,,,,,,1970,2,5729.688224,5866.5711
Nicaragua,2019,149,101,118,106,105,80,122,110,120,1890,2,5445.729533,5675.564316
Nicaragua,2020,149,,,,,,,,,1770,2,5284.46199,5573.868729
Nicaragua,2021,149,,,,,,,,,2010,2,5763.427315,6331.672499
Nicaragua,2022,149,124,110,111,50,82,121,103,108,,,,
Niger,2011,150,117,100,110,123,35,97,124,122,520,1,1020.264638,1068.244853
Niger,2012,150,105,135,137,138,112,114,140,140,550,1,1084.764363,1158.66902
Niger,2013,150,104,129,118,128,126,101,135,131,570,1,1098.64382,1127.348953
Niger,2014,150,109,135,97,104,92,52,142,131,590,1,1126.80544,1142.516865
Niger,2015,150,119,135,91,111,70,111,140,134,560,1,1131.519187,1145.309402
Niger,2016,150,107,99,112,127,76,84,128,124,530,1,1151.176224,1153.339689
Niger,2017,150,97,98,112,125,72,78,126,123,520,1,1163.22617,1163.22617
Niger,2018,150,92,92,113,126,103,102,123,122,570,1,1200.402348,1229.080091
Niger,2019,150,93,126,124,127,112,90,129,127,590,1,1224.375135,1276.049385
Niger,2020,150,96,127,126,124,89,100,131,128,550,1,1221.26993,1288.153512
Niger,2021,150,97,129,130,100,116,114,132,129,590,1,1192.263286,1309.814499
Niger,2022,150,79,130,129,116,106,109,131,125,,,,
Nigeria,2011,151,115,122,106,100,101,116,21,96,2180,2,5056.892147,4922.702345
Nigeria,2012,151,120,139,134,91,129,127,76,123,2440,2,5131.372645,4982.945399
Nigeria,2013,151,129,140,133,112,134,114,74,120,2690,2,5329.121517,5225.172934
Nigeria,2014,151,129,134,125,101,128,108,69,110,2940,2,5516.385598,5507.169495
Nigeria,2015,151,133,137,124,122,137,105,111,128,2820,2,5514.770273,5426.332787
Nigeria,2016,151,125,123,110,61,121,104,106,114,2430,2,5284.893228,5234.679127
Nigeria,2017,151,123,112,111,94,118,119,102,119,2090,2,5190.356127,5190.356127
Nigeria,2018,151,119,116,114,95,104,119,99,118,1960,2,5155.075994,5278.231321
Nigeria,2019,151,114,119,122,88,85,106,101,114,2030,2,5135.499469,5352.241119
Nigeria,2020,151,110,121,124,102,75,120,110,117,2000,2,4916.721381,5185.988584
Nigeria,2021,151,109,121,120,102,76,123,116,118,2100,2,4969.218447,5459.158598
Nigeria,2022,151,112,109,112,126,69,123,97,114,,,,
Norway,2011,154,12,12,1,27,23,26,7,18,90330,4,61157.12993,62076.74066
Norway,2012,154,5,13,2,19,31,26,5,14,99110,4,61990.69236,65354.77925
Norway,2013,154,4,15,3,22,30,35,7,16,104190,4,61878.97518,66961.2531
Norway,2014,154,3,19,3,31,28,28,5,14,104370,4,62390.13031,65892.68928
Norway,2015,154,3,21,3,29,27,27,16,20,92910,4,62987.51629,60368.92087
Norway,2016,154,5,21,3,26,21,29,19,22,81370,4,63104.08078,58939.91261
Norway,2017,154,5,21,1,22,23,22,20,19,75650,4,64050.75617,64050.75617
Norway,2018,154,3,19,2,18,22,25,24,19,80320,4,64341.25868,69808.32941
Norway,2019,154,2,15,1,22,21,30,20,19,81670,4,64385.00599,66799.16472
Norway,2020,154,3,16,1,25,25,33,19,20,77880,4,63548.00082,62644.84574
Norway,2021,154,3,13,1,21,23,28,25,20,84090,4,65688.55101,79201.23025
Norway,2022,154,3,19,2,28,21,25,30,22,,,,
Oman,2011,155,32,35,66,82,38,74,82,57,18620,4,37231.91648,49583.74381
Oman,2012,155,33,36,51,100,47,67,41,47,22270,4,37670.65044,50848.47581
Oman,2013,155,41,61,56,81,74,102,119,80,23340,4,36831.07383,48174.84971
Oman,2014,155,43,73,57,72,100,105,83,75,21920,4,34875.78297,44374.88159
Oman,2015,155,44,68,48,108,128,84,70,69,20160,4,34564.92309,35803.65721
Oman,2016,155,41,52,51,90,124,95,79,73,18190,4,34591.7165,33187.95461
Oman,2017,155,39,51,56,72,126,100,91,77,16130,4,33308.48431,33308.48431
Oman,2018,155,64,39,54,72,110,97,65,69,16370,4,32594.6903,33373.381
Oman,2019,155,69,35,48,78,107,112,88,80,16430,4,31284.01636,32604.34544
Oman,2020,155,70,43,56,104,95,124,94,84,15030,4,29502.05967,31117.75771
Oman,2021,155,71,45,56,84,94,107,71,76,,,,
Oman,2022,155,57,40,56,71,97,94,80,79,,,,
Pakistan,2011,156,108,124,114,111,109,98,53,105,1030,2,4422.302296,4494.809312
Pakistan,2012,156,122,141,123,126,127,117,99,133,1120,2,4481.095736,4523.142308
Pakistan,2013,156,135,141,120,138,131,105,120,137,1210,2,4580.740669,4618.694924
Pakistan,2014,156,135,139,124,140,133,101,110,134,1230,2,4695.588614,4770.644237
Pakistan,2015,156,134,134,123,129,131,101,121,131,1260,2,4816.099351,4921.89157
Pakistan,2016,156,124,122,114,105,97,90,114,119,1360,2,4977.338102,4963.526707
Pakistan,2017,156,124,121,109,102,78,84,112,113,1490,2,5091.087164,5091.087164
Pakistan,2018,156,121,117,111,107,100,72,104,109,1670,2,5294.216386,5420.695792
Pakistan,2019,156,100,116,120,102,96,70,104,105,1620,2,5317.774364,5542.208851
Pakistan,2020,156,99,118,119,116,87,69,108,107,1460,2,5144.289671,5426.019788
Pakistan,2021,156,99,117,117,120,88,71,87,99,1500,2,5350.144973,5877.64258
Pakistan,2022,156,118,113,114,100,81,70,67,87,,,,
Panama,2011,159,64,84,51,54,70,123,62,77,8550,3,23349.16655,16923.94652
Panama,2012,159,68,88,59,115,61,141,36,87,9540,3,25196.31453,18679.51395
Panama,2013,159,74,101,62,109,38,142,45,86,10630,3,26480.56194,20809.85514
Panama,2014,159,75,86,54,100,42,79,27,52,11190,3,27352.51991,22897.40264
Panama,2015,159,73,83,55,92,69,79,42,62,12200,3,28430.9851,25319.2167
Panama,2016,159,67,97,53,72,71,64,63,68,12780,4,29332.3766,27828.55571
Panama,2017,159,66,96,36,83,94,60,50,63,13750,4,30446.84956,30446.84956
Panama,2018,159,58,99,39,74,113,118,40,70,14490,4,31039.07227,31780.59909
Panama,2019,159,65,95,30,73,123,117,43,75,14920,4,31440.26353,32767.18697
Panama,2020,159,67,101,47,67,123,91,55,73,12420,3,25389.81227,26780.3006
Panama,2021,159,69,99,50,97,103,113,58,83,14010,4,28837.00151,31680.18601
Panama,2022,159,70,94,50,89,105,86,62,81,,,,
Paraguay,2011,161,110,110,29,77,93,39,88,74,4440,3,10714.69093,10503.59585
Paraguay,2012,161,107,111,91,69,122,38,103,84,4750,3,10493.81277,10018.72363
Paraguay,2013,161,115,106,94,77,107,110,79,100,5500,3,11209.13154,11062.55873
Paraguay,2014,161,116,83,104,57,86,121,50,89,5800,3,11643.72751,11454.42888
Paraguay,2015,161,112,90,103,80,97,121,51,88,5640,3,11828.14013,11486.52319
Paraguay,2016,161,104,87,95,71,99,119,54,94,5420,3,12170.78439,12041.72354
Paraguay,2017,161,105,87,89,45,92,120,46,85,5370,3,12590.54844,12590.54844
Paraguay,2018,161,101,90,85,53,87,121,52,89,5600,3,12827.70802,13134.16336
Paraguay,2019,161,113,89,90,91,87,123,52,95,5510,3,12615.52865,13147.96186
Paraguay,2020,161,109,98,89,93,84,115,78,97,5150,3,12357.92723,13034.71654
Paraguay,2021,161,110,98,77,89,66,117,62,88,5340,3,12721.57444,13975.85823
Paraguay,2022,161,115,100,76,82,86,105,74,91,,,,
Peru,2011,162,81,108,47,52,55,110,76,83,4970,3,10616.8437,10476.79633
Peru,2012,162,70,117,53,25,59,105,72,75,5790,3,11176.08672,10767.67733
Peru,2013,162,67,107,64,39,61,107,41,69,6420,3,11724.0036,11295.96326
Peru,2014,162,68,76,63,29,88,112,66,73,6530,3,11877.07893,11510.27888
Peru,2015,162,69,77,59,28,85,107,64,71,6340,3,12110.2669,11572.32079
Peru,2016,162,66,81,57,35,54,109,73,71,6110,3,12403.68714,12013.37739
Peru,2017,162,67,84,69,27,49,97,82,70,6060,3,12506.52938,12506.52938
Peru,2018,162,69,98,69,27,42,88,81,71,6480,3,12781.44035,13086.79035
Peru,2019,162,70,66,65,26,43,97,79,69,6840,3,12858.3263,13401.00669
Peru,2020,162,72,57,68,38,43,112,87,76,6060,3,11289.76968,11908.0607
Peru,2021,162,70,53,78,38,37,87,77,70,6520,3,12648.22402,13895.27582
Peru,2022,162,61,47,79,40,49,90,65,65,,,,
Philippines,2011,163,101,116,68,98,61,76,90,91,2520,2,6043.601676,5865.343551
Philippines,2012,163,132,121,69,106,72,59,108,95,2860,2,6351.264942,6296.827614
Philippines,2013,163,128,116,78,95,96,61,91,90,3160,2,6666.250512,6614.683524
Philippines,2014,163,108,121,94,93,113,68,98,100,3330,2,6973.638909,6960.900716
Philippines,2015,163,102,123,83,101,81,53,101,83,3380,2,7300.13621,7186.76928
Philippines,2016,163,88,95,72,94,74,44,96,74,3450,2,7705.05377,7703.762275
Philippines,2017,163,89,95,72,92,45,42,94,73,3530,2,8120.868793,8120.868793
Philippines,2018,163,93,86,67,100,44,49,92,73,3710,2,8516.136549,8719.587979
Philippines,2019,163,89,83,58,110,32,31,63,54,3850,2,8914.723798,9290.966062
Philippines,2020,163,91,86,63,86,29,26,57,50,3430,2,7958.39592,8394.242258
Philippines,2021,163,90,80,86,86,33,24,65,51,3640,2,8301.233175,9119.693358
Philippines,2022,163,90,86,81,78,39,41,58,59,,,,
Poland,2011,164,37,48,52,59,47,66,54,43,12890,4,25124.27608,22827.69814
Poland,2012,164,45,53,48,44,52,51,60,44,13160,4,25457.20755,23745.6978
Poland,2013,164,35,45,47,46,40,55,78,49,13390,4,25759.33912,24567.50617
Poland,2014,164,35,43,49,70,64,53,51,45,13560,4,26649.57818,25475.50469
Poland,2015,164,34,45,47,60,66,56,53,46,13310,4,27797.05951,26862.05252
Poland,2016,164,32,42,50,48,51,52,42,39,12720,4,28682.69354,28322.10698
Poland,2017,164,33,48,41,55,42,44,37,38,12730,4,30064.50348,30064.50348
Poland,2018,164,36,44,41,57,41,44,42,39,14150,4,31674.13121,31953.03503
Poland,2019,164,37,40,38,65,38,39,46,39,15360,4,33185.15813,33797.76736
Poland,2020,164,39,35,42,69,38,36,47,38,15260,4,32398.70475,34286.98508
Poland,2021,164,38,37,41,60,38,36,50,40,16670,4,34363.01907,37502.55987
Poland,2022,164,65,36,43,61,38,38,38,38,,,,
Portugal,2011,165,28,23,36,42,57,59,19,33,22770,4,31304.81553,26769.51189
Portugal,2012,165,34,15,32,37,65,49,28,35,21170,4,30156.70158,26438.0163
Portugal,2013,165,39,22,34,25,57,57,27,34,21380,4,30042.89072,27936.03966
Portugal,2014,165,28,21,32,45,56,46,28,32,21200,4,30444.60021,28742.44038
Portugal,2015,165,25,25,33,34,65,42,25,30,20460,4,31118.79067,29660.89607
Portugal,2016,165,27,27,34,34,53,36,22,30,19940,4,31847.53773,31607.75424
Portugal,2017,165,23,29,39,43,50,39,21,31,20060,4,33044.71674,33044.71674
Portugal,2018,165,23,27,37,47,43,36,26,32,22060,4,34040.72539,34928.54353
Portugal,2019,165,22,24,31,58,42,43,32,32,23200,4,34945.66134,36172.07254
Portugal,2020,165,24,25,26,65,45,32,29,31,21810,4,31961.77526,34177.08571
Portugal,2021,165,25,24,31,56,41,34,26,31,23730,4,33514.27408,35888.16538
Portugal,2022,165,47,22,39,42,34,35,25,32,,,,
Qatar,2011,167,23,25,38,66,27,12,50,26,66950,4,99147.28818,139358.9653
Qatar,2012,167,35,14,27,84,8,77,19,33,72880,4,96261.48733,141634.7038
Qatar,2013,167,36,67,28,62,39,104,22,43,79390,4,95499.90761,138229.769
Qatar,2014,167,33,53,23,84,27,110,41,47,80890,4,95578.26151,129068.5789
Qatar,2015,167,30,51,22,78,106,80,58,50,73440,4,95965.25124,92968.2321
Qatar,2016,167,34,59,16,68,78,88,49,50,64550,4,95601.80731,83102.35049
Qatar,2017,167,37,58,26,85,84,55,54,49,56920,4,91738.75279,91738.75279
Qatar,2018,167,47,50,27,77,80,59,60,51,58830,4,90970.0609,93143.34557
Qatar,2019,167,53,70,28,82,67,80,70,65,61180,4,90043.799,93844.06063
Qatar,2020,167,58,83,28,94,77,85,58,70,55920,4,85290.45043,89961.43323
Qatar,2021,167,57,75,34,83,96,79,63,68,57120,4,85128.22358,93521.4418
Qatar,2022,167,25,56,29,47,73,69,59,52,,,,
Romania,2011,169,52,65,54,69,71,36,64,50,8650,3,20792.1593,17896.27586
Romania,2012,169,56,67,40,63,77,46,82,52,8760,3,21311.11919,18869.56897
Romania,2013,169,55,78,35,85,70,23,80,48,9320,3,22197.02329,19781.92571
Romania,2014,169,59,69,50,108,99,37,67,55,9700,3,23084.35913,20657.67329
Romania,2015,169,46,73,58,81,67,43,72,54,9600,3,23878.17235,21605.83562
Romania,2016,169,48,73,44,77,75,42,53,48,9620,3,25144.9963,24271.47002
Romania,2017,169,43,75,37,73,63,37,57,42,10110,3,27141.90093,27141.90093
Romania,2018,169,48,65,38,83,55,42,61,49,11430,3,28523.45385,29342.04115
Romania,2019,169,52,69,35,92,51,41,71,50,12620,4,29875.06277,31867.26319
Romania,2020,169,53,76,37,83,53,28,67,46,12630,3,28925.78919,32202.20866
Romania,2021,169,53,76,37,76,54,35,72,48,14170,4,30854.64295,35413.99058
Romania,2022,169,75,74,33,63,51,31,57,49,,,,
Russian Federation,2011,170,97,38,73,76,37,34,75,56,11060,3,24972.07813,22798.67383
Russian Federation,2012,170,93,43,54,87,43,32,84,51,13490,4,25933.29297,24303.47266
Russian Federation,2013,170,87,33,49,74,52,48,101,62,15190,4,26332.39648,26073.875
Russian Federation,2014,170,88,30,51,111,60,34,72,49,14630,4,26057.15625,25761.64844
Russian Federation,2015,170,80,26,65,94,44,33,79,48,11780,3,25488.0957,24085.32422
Russian Federation,2016,170,73,23,60,63,37,40,66,43,9730,3,25490.70898,24128.08594
Russian Federation,2017,170,73,23,62,60,33,45,62,45,9210,3,25926.44336,25926.44336
Russian Federation,2018,170,74,22,63,56,33,47,72,46,10250,3,26656.41016,28821.26172
Russian Federation,2019,170,74,23,62,61,35,47,72,46,11280,3,27254.57422,30067.74023
Russian Federation,2020,170,71,30,60,55,42,50,60,47,10740,3,26578.46094,29916.01367
Russian Federation,2021,170,67,29,63,61,44,48,56,45,11600,3,27969.67773,32803.35547
Russian Federation,2022,170,89,27,62,48,44,51,48,47,,,,
Rwanda,2011,171,75,93,121,81,81,122,92,109,650,1,1586.960943,1450.651467
Rwanda,2012,171,64,120,118,61,120,140,47,102,700,1,1682.206491,1488.74193
Rwanda,2013,171,72,128,114,66,105,140,82,112,720,1,1718.935476,1543.347604
Rwanda,2014,171,70,102,120,27,44,126,117,102,740,1,1780.144699,1706.753166
Rwanda,2015,171,61,99,98,26,45,125,115,94,750,1,1889.158106,1804.62951
Rwanda,2016,171,62,89,93,23,35,116,108,83,740,1,1950.526265,1882.457397
Rwanda,2017,171,61,90,85,93,44,125,103,99,730,1,1975.248661,1975.248661
Rwanda,2018,171,60,107,91,34,57,124,101,99,780,1,2088.749474,2138.649927
Rwanda,2019,171,50,102,87,38,44,125,108,94,830,1,2227.515571,2321.526953
Rwanda,2020,171,54,112,93,37,63,103,114,91,770,1,2098.635559,2213.568598
Rwanda,2021,171,54,114,101,93,82,96,117,102,850,1,2270.218365,2494.050572
Rwanda,2022,171,33,106,95,115,113,111,126,105,,,,
Saudi Arabia,2011,179,60,53,62,30,48,93,57,54,20880,4,46989.13416,56133.14419
Saudi Arabia,2012,179,53,40,45,36,36,130,29,48,24040,4,48024.43579,57364.98511
Saudi Arabia,2013,179,77,39,41,38,46,78,24,42,25440,4,47848.36495,55908.24993
Saudi Arabia,2014,179,73,47,31,28,43,77,26,38,25550,4,48209.12757,55726.10231
Saudi Arabia,2015,179,68,39,34,55,64,74,30,43,23710,4,48921.1983,48611.11934
Saudi Arabia,2016,179,72,32,39,38,66,75,47,49,21610,4,48625.84585,45484.44835
Saudi Arabia,2017,179,88,31,40,51,54,62,74,55,19990,4,47306.21202,47306.21202
Saudi Arabia,2018,179,94,24,51,41,52,73,83,61,21860,4,47629.95181,48767.83655
Saudi Arabia,2019,179,104,29,55,47,48,87,86,68,23220,4,46999.93814,48983.55126
Saudi Arabia,2020,179,102,31,57,44,51,88,69,66,22270,4,44349.47283,46778.29837
Saudi Arabia,2021,179,101,32,54,39,89,69,78,66,,,45104.27777,49551.33457
Saudi Arabia,2022,179,50,30,53,22,53,65,66,51,,,,
Senegal,2011,180,85,106,80,109,124,104,66,100,1300,2,2757.079405,2669.517086
Senegal,2012,180,92,116,92,134,113,97,67,97,1320,2,2788.671459,2739.419
Senegal,2013,180,91,119,104,127,113,97,62,96,1340,2,2777.111769,2742.420736
Senegal,2014,180,93,123,106,114,118,91,75,98,1370,2,2868.315877,2830.697309
Senegal,2015,180,89,128,108,75,101,91,66,84,1310,2,2966.455347,2971.346817
Senegal,2016,180,84,112,103,114,100,81,101,106,1270,2,3068.058303,3075.937351
Senegal,2017,180,80,67,106,115,105,86,104,100,1280,2,3203.906368,3203.906368
Senegal,2018,180,73,83,109,117,122,77,98,100,1390,2,3309.486173,3388.550158
Senegal,2019,180,75,93,111,118,119,77,92,96,1440,2,3368.262274,3510.418402
Senegal,2020,180,73,106,106,95,130,74,103,102,1430,2,3321.681151,3503.595017
Senegal,2021,180,68,104,108,107,131,88,109,105,1540,2,3430.442618,3768.667149
Senegal,2022,180,60,103,105,69,124,97,112,99,,,,
Serbia,2011,181,66,54,83,87,73,65,23,55,6190,3,14923.80779,13746.92502
Serbia,2012,181,71,44,63,78,86,29,44,46,6080,3,14894.2021,13933.84462
Serbia,2013,181,71,50,50,97,73,41,84,54,6460,3,15399.78929,14629.0068
Serbia,2014,181,69,59,53,134,83,44,79,67,6240,3,15226.32648,14659.57951
Serbia,2015,181,64,64,56,90,95,59,60,63,5960,3,15578.2093,14928.46704
Serbia,2016,181,56,56,61,109,84,50,82,65,5700,3,16182.82839,15858.09627
Serbia,2017,181,50,54,52,99,79,53,70,62,5570,3,16611.02374,16611.02374
Serbia,2018,181,50,58,48,101,70,50,64,55,6410,3,17452.80313,17717.9058
Serbia,2019,181,47,59,54,103,63,48,65,57,7040,3,18306.78524,18822.36077
Serbia,2020,181,45,59,44,101,64,41,66,53,7430,3,18255.0542,19093.95531
Serbia,2021,181,50,62,44,58,63,43,76,54,8440,3,19761.64742,21432.41034
Serbia,2022,181,53,52,38,83,65,42,76,55,,,,
Seychelles,2011,182,,,,,,,,,10570,3,23617.02909,21922.73953
Seychelles,2012,182,,,,,,,,,11540,3,23681.34689,21565.038
Seychelles,2013,182,,,,,,,,,12700,3,24647.07805,22369.39122
Seychelles,2014,182,55,97,27,117,31,97,34,51,13310,4,25359.84646,24682.86364
Seychelles,2015,182,49,88,45,138,21,113,41,65,14160,4,26198.7213,24739.96499
Seychelles,2016,182,,,,,,,,,14240,4,27234.41323,26824.75405
Seychelles,2017,182,,,,,,,,,14660,4,28116.71049,28116.71049
Seychelles,2018,182,,,,,,,,,15960,4,28740.54985,29427.16472
Seychelles,2019,182,,,,,,,,,16680,4,29365.99966,30605.37964
Seychelles,2020,182,,,,,,,,,13770,4,26867.55911,28338.97714
Seychelles,2021,182,,,,,,,,,13260,4,27159.65534,29837.46188
Seychelles,2022,182,,,,,,,,,,,,
Singapore,2011,184,9,1,9,2,1,15,30,3,48250,4,81258.0849,80052.3915
Singapore,2012,184,8,2,9,4,1,3,37,3,51710,4,82805.61445,82064.96119
Singapore,2013,184,7,3,6,5,1,11,40,8,54460,4,85400.72514,83001.7878
Singapore,2014,184,6,2,2,4,1,13,33,7,56380,4,87616.63753,84423.19134
Singapore,2015,184,2,5,1,6,1,12,33,7,53160,4,89160.72716,86974.74762
Singapore,2016,184,1,2,1,5,1,10,33,6,53250,4,91146.09585,89436.59811
Singapore,2017,184,1,5,2,4,2,11,32,7,54590,4,95310.33386,95310.33386
Singapore,2018,184,1,1,5,4,2,11,35,5,56670,4,98336.95649,100686.2371
Singapore,2019,184,1,5,7,5,4,11,34,8,58060,4,98283.30891,102431.3157
Singapore,2020,184,1,8,13,4,6,14,18,8,55010,4,94505.63616,99681.29415
Singapore,2021,184,1,9,15,5,3,13,17,8,64010,4,106032.2248,116486.4732
Singapore,2022,184,1,7,11,4,2,13,21,7,,,,
Slovak Republic,2011,186,30,46,34,43,56,51,63,37,17510,4,26168.27826,26145.88938
Slovak Republic,2012,186,38,46,33,71,63,39,57,40,17760,4,26478.60215,26888.3481
Slovak Republic,2013,186,27,41,38,52,59,42,61,36,18200,4,26623.35055,27915.43321
Slovak Republic,2014,186,36,55,45,67,61,41,42,37,18280,4,27322.14239,28929.52636
Slovak Republic,2015,186,36,53,37,53,58,41,40,36,17700,4,28719.86308,29964.88861
Slovak Republic,2016,186,35,57,32,56,52,37,38,37,16790,4,29236.92193,29645.74189
Slovak Republic,2017,186,34,53,35,67,38,30,35,34,16620,4,30061.55147,30061.55147
Slovak Republic,2018,186,35,59,36,52,37,31,41,36,18340,4,31159.02246,31214.59257
Slovak Republic,2019,186,38,58,36,67,46,29,36,37,19250,4,31927.59383,31966.55484
Slovak Republic,2020,186,41,62,33,82,46,30,39,39,18920,4,30509.76932,31356.45828
Slovak Republic,2021,186,39,58,39,73,43,30,43,37,20250,4,31498.12636,33010.29075
Slovak Republic,2022,186,68,59,41,70,45,28,70,46,,,,
Slovenia,2011,187,29,26,27,60,34,32,20,30,24630,4,33568.06735,28931.38332
Slovenia,2012,187,25,27,29,60,34,27,13,26,23260,4,32613.49053,29042.82027
Slovenia,2013,187,25,26,29,43,34,34,35,30,23240,4,32234.02576,29973.69935
Slovenia,2014,187,23,25,34,51,36,27,36,28,23620,4,33093.75044,30870.02367
Slovenia,2015,187,29,24,36,70,35,30,22,28,22270,4,33799.72553,31628.24718
Slovenia,2016,187,23,24,42,84,27,34,27,32,21790,4,34853.04212,33936.04406
Slovenia,2017,187,22,24,34,82,30,43,23,32,22140,4,36507.55304,36507.55304
Slovenia,2018,187,19,28,35,78,29,34,16,30,24640,4,37984.13292,38961.54435
Slovenia,2019,187,20,27,37,87,27,40,24,31,25980,4,38946.68538,40670.87787
Slovenia,2020,187,20,26,32,77,27,35,41,32,25340,4,37050.54764,39725.25919
Slovenia,2021,187,20,28,27,71,27,32,38,32,28240,4,39969.8118,43624.67321
Slovenia,2022,187,37,25,24,68,29,26,56,33,,,,
South Africa,2011,190,50,92,79,8,43,79,85,59,7760,3,13837.66878,13393.76689
South Africa,2012,190,39,103,79,13,55,61,86,54,8370,3,13946.94784,13215.70868
South Africa,2013,190,44,102,83,16,71,79,68,58,8070,3,14066.10278,13606.9429
South Africa,2014,190,44,70,84,18,68,62,70,53,7370,3,14040.82591,13602.10264
South Africa,2015,190,43,75,89,23,73,58,76,60,6610,3,14010.10442,13701.94539
South Africa,2016,190,46,55,85,17,56,63,77,54,5990,3,13897.13937,13748.46142
South Africa,2017,190,54,60,75,21,57,65,78,57,5910,3,13860.27017,13860.27017
South Africa,2018,190,53,64,84,23,47,55,76,58,6340,3,13875.93525,14207.43285
South Africa,2019,190,55,65,83,19,55,57,91,63,6670,3,13709.96637,14288.58989
South Africa,2020,190,55,70,79,15,50,62,70,60,6010,3,12665.8324,13359.48433
South Africa,2021,190,55,67,83,23,51,61,79,61,6440,3,13126.01474,14420.17432
South Africa,2022,190,81,81,77,39,63,56,64,61,,,,
Spain,2011,192,56,31,19,21,40,42,34,32,31020,4,36884.25924,31867.97324
Spain,2012,192,43,33,10,17,41,33,39,29,29540,4,35769.46003,31720.12
Spain,2013,192,28,27,12,10,45,31,39,26,29230,4,35371.73982,32434.0032
Spain,2014,192,34,26,16,15,52,22,38,27,29140,4,35968.62014,33525.74063
Spain,2015,192,35,27,9,10,47,25,31,27,28450,4,37377.06802,34903.12748
Spain,2016,192,33,25,10,13,43,26,28,28,27550,4,38477.57918,37286.21343
Spain,2017,192,32,27,10,18,37,24,28,28,27100,4,39528.92539,39528.92539
Spain,2018,192,28,26,11,16,40,23,29,28,29310,4,40256.95248,40696.38768
Spain,2019,192,30,26,10,18,37,24,31,29,30380,4,40802.48774,41695.14695
Spain,2020,192,31,27,7,26,37,24,31,30,27360,4,36210.87493,37756.351
Spain,2021,192,31,30,13,32,35,26,32,30,29740,4,38097.84173,40775.27862
Spain,2022,192,38,26,16,30,32,27,28,29,,,,
Sri Lanka,2011,193,93,102,67,106,91,82,59,82,2850,2,9827.622086,9007.734199
Sri Lanka,2012,193,126,112,81,122,111,66,85,94,3360,2,10712.39735,10315.18025
Sri Lanka,2013,193,134,110,85,103,124,68,87,98,3490,2,10990.07059,10852.06404
Sri Lanka,2014,193,134,115,69,124,132,75,91,105,3640,2,11428.1079,11256.85605
Sri Lanka,2015,193,128,112,57,84,102,64,92,85,3760,2,11890.51653,11557.48705
Sri Lanka,2016,193,116,107,58,97,102,76,84,91,3810,2,12287.47307,12224.21577
Sri Lanka,2017,193,111,105,63,86,83,68,86,90,3870,2,12584.10479,12584.10479
Sri Lanka,2018,193,105,111,58,92,81,81,88,88,4040,3,12860.32083,13167.5553
Sri Lanka,2019,193,107,111,57,108,77,73,87,89,4010,2,13079.53863,13631.5552
Sri Lanka,2020,193,119,119,78,118,70,68,100,101,3720,2,12539.97101,13226.73006
Sri Lanka,2021,193,119,118,73,118,62,68,100,95,3820,2,12859.3441,14127.21128
Sri Lanka,2022,193,119,120,73,108,71,66,69,85,,,,
Sudan,2011,194,121,125,98,124,50,63,125,124,1610,2,4956.594238,4216.373535
Sudan,2012,194,137,137,124,140,93,116,141,141,1660,2,4576.473633,3805.895752
Sudan,2013,194,139,54,127,137,140,89,142,141,1670,2,4555.347656,3838.360107
Sudan,2014,194,139,141,135,129,139,143,141,143,1840,2,4654.063965,4427.44873
Sudan,2015,194,138,121,132,140,140,122,139,141,1920,2,4630.155273,4434.475098
Sudan,2016,194,,,,,,,,,2160,2,4677.160156,4757.057129
Sudan,2017,194,,,,,,,,,2420,2,4598.850098,4598.850098
Sudan,2018,194,,,,,,,,,1390,2,4369.761719,4474.155762
Sudan,2019,194,,,,,,,,,940,1,4173.566406,4349.709961
Sudan,2020,194,,,,,,,,,640,1,3927.043945,4142.11084
Sudan,2021,194,,,,,,,,,670,1,3838.73999,4217.220703
Sudan,2022,194,,,,,,,,,,,,
Swaziland - Eswatini,2011,197,99,78,118,88,32,75,120,101,3860,2,7575.715655,8057.563801
Swaziland - Eswatini,2012,197,81,89,136,123,46,40,101,82,4310,3,7930.869172,8266.491725
Swaziland - Eswatini,2013,197,92,103,142,135,88,33,125,104,4420,3,8179.815504,8708.440279
Swaziland - Eswatini,2014,197,90,106,143,131,57,131,114,127,4130,3,8193.672853,8798.29399
Swaziland - Eswatini,2015,197,82,96,138,113,34,136,120,123,3800,2,8307.782174,8813.008782
Swaziland - Eswatini,2016,197,,,,,,,,,3450,2,8321.024136,8705.84317
Swaziland - Eswatini,2017,197,,,,,,,,,3390,2,8408.035915,8408.035915
Swaziland - Eswatini,2018,197,,,,,,,,,3620,2,8521.530159,8725.110443
Swaziland - Eswatini,2019,197,,,,,,,,,3710,2,8652.922717,9018.115773
Swaziland - Eswatini,2020,197,,,,,,,,,3390,2,8404.727199,8865.017138
Swaziland - Eswatini,2021,197,,,,,,,,,3680,2,8934.877868,9815.812257
Swaziland - Eswatini,2022,197,,,,,,,,,,,,
Sweden,2011,198,14,5,5,15,7,1,2,2,56700,4,48947.43931,44608.58026
Sweden,2012,198,12,6,1,10,10,2,7,2,59090,4,48300.8425,45432.43197
Sweden,2013,198,10,4,2,11,11,5,12,2,61800,4,48462.16,46312.39238
Sweden,2014,198,10,6,4,9,9,3,9,3,61870,4,49258.99616,47184.66913
Sweden,2015,198,9,4,7,14,7,2,11,3,58420,4,50928.96298,49103.13343
Sweden,2016,198,11,5,5,9,5,2,9,2,54360,4,51334.43203,50430.25282
Sweden,2017,198,10,4,3,10,4,3,11,2,53030,4,51947.95425,51947.95425
Sweden,2018,198,9,7,3,12,5,3,6,3,55690,4,52349.29243,53521.63064
Sweden,2019,198,9,6,2,14,1,2,7,2,56420,4,52850.56918,54598.78035
Sweden,2020,198,11,3,2,12,1,2,7,2,54290,4,50925.18088,55064.88501
Sweden,2021,198,9,2,3,11,1,2,5,2,58890,4,53050.32653,59323.96461
Sweden,2022,198,19,3,1,13,1,2,8,3,,,,
Switzerland,2011,199,5,17,15,5,4,2,3,1,82280,4,66342.01082,57987.50203
Switzerland,2012,199,13,10,8,5,6,1,1,1,87770,4,66440.28702,59933.59868
Switzerland,2013,199,16,14,8,6,4,1,2,1,91700,4,66877.16305,62225.08727
Switzerland,2014,199,16,12,10,6,8,1,2,1,89400,4,67682.68618,64103.01045
Switzerland,2015,199,10,6,15,5,3,1,3,1,87960,4,68025.92004,66020.20434
Switzerland,2016,199,9,6,15,7,3,1,5,1,84420,4,68663.24382,68105.15498
Switzerland,2017,199,8,7,6,7,3,1,3,1,81880,4,69103.57026,69103.57026
Switzerland,2018,199,11,5,8,8,4,1,1,1,83280,4,70597.29207,71660.20684
Switzerland,2019,199,12,7,3,7,2,1,1,1,84260,4,70944.35481,72033.92944
Switzerland,2020,199,13,6,3,6,2,1,2,1,82620,4,68755.43703,71745.2994
Switzerland,2021,199,13,6,2,6,4,1,2,1,90360,4,70792.65653,77324.08811
Switzerland,2022,199,2,4,4,8,7,1,1,1,,,,
Syrian Arab Republic,2011,200,109,55,123,119,118,84,116,115,6200,3,,
Syrian Arab Republic,2012,200,111,105,117,120,134,129,123,132,3070,2,,
Syrian Arab Republic,2013,200,114,60,108,117,130,141,128,134,1480,2,,
Syrian Arab Republic,2014,200,,,,,,,,,1200,2,,
Syrian Arab Republic,2015,200,,,,,,,,,1020,1,,
Syrian Arab Republic,2016,200,,,,,,,,,860,1,,
Syrian Arab Republic,2017,200,,,,,,,,,820,1,,
Syrian Arab Republic,2018,200,,,,,,,,,930,1,,
Syrian Arab Republic,2019,200,,,,,,,,,,,,
Syrian Arab Republic,2020,200,,,,,,,,,,,,
Syrian Arab Republic,2021,200,,,,,,,,,,,,
Syrian Arab Republic,2022,200,,,,,,,,,,,,
Tajikistan,2011,202,118,98,116,95,122,47,119,116,1020,1,2509.720156,2496.582204
Tajikistan,2012,202,119,96,116,65,137,68,129,108,1150,2,2637.194886,2750.355063
Tajikistan,2013,202,120,109,115,56,132,32,132,101,1330,2,2767.354769,3027.814126
Tajikistan,2014,202,122,88,133,23,142,88,140,137,1350,2,2883.697905,3303.098197
Tajikistan,2015,202,127,86,135,40,108,70,130,114,1260,2,2984.518548,3150.427114
Tajikistan,2016,202,109,84,123,32,113,54,86,86,1110,2,3113.257637,3114.895558
Tajikistan,2017,202,108,80,120,29,107,58,106,94,1030,2,3252.932655,3252.932655
Tajikistan,2018,202,117,87,124,43,105,75,97,101,1030,2,3415.299465,3496.891341
Tajikistan,2019,202,122,87,115,86,114,68,103,100,1070,2,3581.409187,3732.561094
Tajikistan,2020,202,118,87,123,60,128,77,113,109,1050,2,3654.072934,3854.190435
Tajikistan,2021,202,118,85,126,37,129,80,107,103,1150,2,3903.495763,4288.360975
Tajikistan,2022,202,91,85,121,94,128,84,116,104,,,,
United Republic of Tanzania (the),2011,203,82,97,120,115,120,55,111,104,770,1,2098.276611,2228.696533
United Republic of Tanzania (the),2012,203,77,122,119,130,117,118,128,128,810,1,2128.528809,2099.429688
United Republic of Tanzania (the),2013,203,80,127,106,113,111,118,123,123,890,1,2205.951416,2194.884766
United Republic of Tanzania (the),2014,203,85,132,115,136,94,119,122,123,970,1,2284.96167,2243.592529
United Republic of Tanzania (the),2015,203,83,133,120,136,120,117,81,117,980,1,2354.138916,2348.443604
United Republic of Tanzania (the),2016,203,83,126,111,116,112,108,61,105,970,1,2441.636963,2479.333984
United Republic of Tanzania (the),2017,203,83,125,100,110,97,94,64,96,970,1,2530.603271,2530.603271
United Republic of Tanzania (the),2018,203,90,123,104,98,94,98,54,92,1030,2,2590.201172,2652.081299
United Republic of Tanzania (the),2019,203,98,125,108,117,99,102,59,97,1100,2,2660.637451,2772.928467
United Republic of Tanzania (the),2020,203,101,126,105,87,118,106,45,88,1080,2,2635.356689,2779.683594
United Republic of Tanzania (the),2021,203,103,125,105,109,119,100,44,90,1140,2,2669.43335,2932.626221
United Republic of Tanzania (the),2022,203,74,126,104,79,112,114,94,103,,,,
Thailand,2011,204,71,87,78,33,25,64,39,48,4950,3,14450.47883,13519.12902
Thailand,2012,204,95,101,60,33,32,50,75,57,5520,3,15424.54427,14870.97555
Thailand,2013,204,93,46,60,37,60,53,76,57,5720,3,15767.36081,15407.6654
Thailand,2014,204,94,36,71,34,55,47,60,48,5760,3,15854.13186,15480.21079
Thailand,2015,204,92,60,64,41,54,48,52,55,5710,3,16285.38657,15822.37099
Thailand,2016,204,81,70,68,28,49,46,57,52,5700,3,16782.09867,16616.195
Thailand,2017,204,75,72,71,42,68,40,53,51,5970,3,17422.95235,17422.95235
Thailand,2018,204,65,57,72,28,62,40,50,44,6610,3,18101.5175,18533.96473
Thailand,2019,204,57,52,77,32,60,38,54,43,7250,3,18438.64738,19216.84294
Thailand,2020,204,65,67,67,22,36,44,52,44,7070,3,17253.06778,18197.94241
Thailand,2021,204,64,63,61,27,36,40,55,43,7260,3,17485.50852,19209.49244
Thailand,2022,204,78,71,54,27,43,43,49,43,,,,
North Macedonia*,2011,205,43,72,72,62,95,52,84,67,4840,3,13807.46535,11689.90577
North Macedonia*,2012,205,42,65,62,52,110,60,78,62,4770,3,13727.77292,11915.68987
North Macedonia*,2013,205,58,52,67,41,51,59,75,51,5030,3,14108.89128,12727.33641
North Macedonia*,2014,205,60,52,72,39,103,64,71,60,5220,3,14596.60015,13434.84324
North Macedonia*,2015,205,55,55,94,46,62,69,46,56,5130,3,15139.25162,13888.29539
North Macedonia*,2016,205,39,54,94,81,65,78,46,58,5000,3,15553.43932,15137.99583
North Macedonia*,2017,205,45,77,80,59,56,83,56,61,4940,3,15706.44417,15706.44417
North Macedonia*,2018,205,49,76,83,69,99,67,107,84,5500,3,16145.5359,16796.27023
North Macedonia*,2019,205,43,80,71,28,66,66,62,59,5890,3,16773.04057,17546.41692
North Macedonia*,2020,205,50,72,49,17,66,58,76,57,5690,3,15779.69148,16719.6901
North Macedonia*,2021,205,52,73,49,12,65,57,83,59,6130,3,16464.33609,17918.07707
North Macedonia*,2022,205,88,75,49,34,59,57,93,66,,,,
Togo,2011,207,,,,,,,,,610,1,1683.856263,1210.142847
Togo,2012,207,108,138,125,101,140,112,134,136,590,1,1746.931262,1227.156159
Togo,2013,207,112,121,119,86,136,133,130,139,620,1,1805.488919,1275.325318
Togo,2014,207,115,125,142,110,129,135,143,142,640,1,1863.281894,1328.380291
Togo,2015,207,115,131,140,79,104,126,141,140,640,1,1920.469307,1397.332402
Togo,2016,207,100,113,127,120,108,114,126,126,670,1,1976.807793,1954.203573
Togo,2017,207,96,111,115,119,117,116,125,125,720,1,2012.240693,2012.240693
Togo,2018,207,95,109,117,125,121,95,125,125,880,1,2061.334176,2110.579674
Togo,2019,207,97,108,114,126,124,119,128,126,920,1,2121.899918,2211.453835
Togo,2020,207,90,109,116,121,129,126,121,125,920,1,2107.877763,2223.316956
Togo,2021,207,87,110,110,112,128,128,119,125,980,1,2166.55401,2380.165428
Togo,2022,207,108,117,117,105,129,126,111,122,,,,
Trinidad and Tobago,2011,210,47,66,119,55,68,70,99,72,14970,4,29631.72021,30887.9828
Trinidad and Tobago,2012,210,66,63,104,67,79,98,74,81,16850,4,29836.78499,30084.91906
Trinidad and Tobago,2013,210,69,59,105,91,98,87,89,81,18770,4,30313.66543,30088.48642
Trinidad and Tobago,2014,210,64,68,114,69,95,102,95,90,18590,4,29864.02646,29727.2398
Trinidad and Tobago,2015,210,62,69,106,95,93,81,90,80,19030,4,30219.32677,27651.72817
Trinidad and Tobago,2016,210,,,,,,,,,16870,4,28161.60085,26374.64098
Trinidad and Tobago,2017,210,65,99,101,71,77,56,101,91,16120,4,27277.87832,27277.87832
Trinidad and Tobago,2018,210,62,97,98,80,77,108,102,96,16120,4,26972.51781,27616.8942
Trinidad and Tobago,2019,210,63,94,92,77,92,103,95,91,16740,4,26827.29412,27959.52908
Trinidad and Tobago,2020,210,68,65,91,109,109,121,99,98,15910,4,24768.68155,26125.15329
Trinidad and Tobago,2021,210,72,100,90,119,104,83,103,97,15070,4,24456.77655,26868.09272
Trinidad and Tobago,2022,210,66,88,87,123,102,87,117,101,,,,
Tunisia,2011,211,73,57,58,85,98,86,41,66,4110,3,10409.94393,10576.05361
Tunisia,2012,211,49,60,64,105,82,69,46,59,4320,3,10743.75819,10731.35653
Tunisia,2013,211,61,68,68,115,110,103,33,70,4370,3,10898.36627,10769.9831
Tunisia,2014,211,65,44,68,127,126,106,74,78,4390,3,11123.20187,11024.75012
Tunisia,2015,211,72,48,73,135,119,87,71,76,4190,3,11113.55399,10825.1015
Tunisia,2016,211,70,45,70,123,107,89,81,77,3980,3,11114.47487,10993.58555
Tunisia,2017,211,77,44,70,98,112,69,76,74,3750,2,11234.49842,11234.49842
Tunisia,2018,211,77,33,70,111,109,63,66,66,3760,2,11398.02781,11670.32794
Tunisia,2019,211,73,32,74,104,115,60,75,70,3620,2,11420.84973,11902.86201
Tunisia,2020,211,75,38,74,112,110,52,63,65,3300,2,10313.9723,10878.82319
Tunisia,2021,211,75,35,89,98,114,55,80,71,3630,2,10554.13555,11594.72067
Tunisia,2022,211,92,45,85,98,116,53,61,73,,,,
Turkey,2011,212,69,80,64,72,90,90,29,65,11310,3,21932.29457,19799.11568
Turkey,2012,212,86,82,67,64,107,63,64,74,11960,3,22610.68277,20772.49895
Turkey,2013,212,89,76,73,60,108,49,69,68,12600,3,24117.65847,22438.71425
Turkey,2014,212,92,54,75,63,110,48,40,54,12630,3,24881.72779,24090.23604
Turkey,2015,212,84,50,63,58,117,60,37,58,12030,3,25958.64076,25753.39051
Turkey,2016,212,82,43,62,46,86,45,31,42,11260,3,26385.00194,26512.01695
Turkey,2017,212,95,43,68,57,75,46,31,43,10970,3,27913.81872,27913.81872
Turkey,2018,212,96,49,52,55,72,52,39,50,10510,3,28318.4358,27960.98028
Turkey,2019,212,85,46,41,52,71,59,40,49,9690,3,28197.24883,26867.47031
Turkey,2020,212,94,42,54,28,57,57,50,51,9040,3,28393.4659,27235.42583
Turkey,2021,212,93,26,48,49,46,50,35,41,9830,3,31252.07694,30472.37993
Turkey,2022,212,101,41,48,37,47,47,15,37,,,,
Uganda,2011,216,88,117,108,113,111,92,80,106,850,1,1985.271354,2259.442889
Uganda,2012,216,76,125,130,119,128,128,94,117,830,1,1996.917354,2013.880711
Uganda,2013,216,85,115,128,88,121,85,70,89,800,1,2002.722675,2014.274961
Uganda,2014,216,86,114,102,102,48,87,90,91,820,1,2035.584242,2088.407331
Uganda,2015,216,90,109,113,116,49,92,126,111,830,1,2067.588814,2128.744955
Uganda,2016,216,85,102,83,107,61,92,107,99,800,1,2088.647514,2092.475566
Uganda,2017,216,79,106,84,108,60,103,107,102,740,1,2074.652436,2074.652436
Uganda,2018,216,91,113,88,103,68,109,106,103,750,1,2124.792203,2175.55372
Uganda,2019,216,91,114,96,74,82,108,106,102,780,1,2182.899761,2275.02815
Uganda,2020,216,89,130,102,63,115,113,125,114,800,1,2175.031098,2294.147984
Uganda,2021,216,89,131,103,111,118,105,126,119,840,1,2182.570446,2397.761005
Uganda,2022,216,62,129,109,127,126,106,123,119,,,,
Ukraine,2011,217,103,40,101,64,45,40,70,60,3150,2,12933.35645,9246.769531
Ukraine,2012,217,117,48,98,68,51,30,83,63,3650,2,12985.08691,9705.358398
Ukraine,2013,217,105,44,91,82,79,45,81,71,3950,2,13020.60059,11111.05176
Ukraine,2014,217,103,45,107,90,87,32,77,63,3560,2,12385.81348,10743.58594
Ukraine,2015,217,98,36,112,89,78,34,75,64,2800,2,11216.11816,10164.32715
Ukraine,2016,217,101,40,99,75,73,33,58,56,2360,2,11536.31641,11148.19629
Ukraine,2017,217,101,41,90,81,51,32,49,50,2360,2,11860.56055,11860.56055
Ukraine,2018,217,107,43,89,89,46,27,45,43,2750,2,12336.92676,12631.65723
Ukraine,2019,217,96,51,97,90,47,28,42,47,3310,2,12804.95508,13345.38281
Ukraine,2020,217,93,39,94,99,54,25,44,45,3570,2,12407.79004,13087.30957
Ukraine,2021,217,91,44,94,88,53,33,48,49,4120,2,12943.61426,14219.79004
Ukraine,2022,217,97,49,82,102,48,36,63,57,,,,
United Arab Emirates,2011,218,26,24,31,31,28,119,14,34,35030,4,56122.57668,67686.39061
United Arab Emirates,2012,218,40,23,17,55,16,110,20,37,39220,4,57389.31879,69102.48573
United Arab Emirates,2013,218,33,24,22,63,22,131,28,38,42840,4,59920.15231,70374.23037
United Arab Emirates,2014,218,30,4,18,85,34,132,21,36,44370,4,62452.18451,73619.06428
United Arab Emirates,2015,218,26,15,19,65,29,134,61,47,42870,4,65267.41513,64901.85949
United Arab Emirates,2016,218,22,41,23,42,24,86,70,41,40550,4,66510.89367,63968.90441
United Arab Emirates,2017,218,25,22,29,33,25,71,47,35,39280,4,67183.60531,67183.60531
United Arab Emirates,2018,218,29,29,28,31,23,53,53,38,41470,4,66968.22118,68568.09928
United Arab Emirates,2019,218,28,18,21,34,30,63,50,36,43830,4,68263.67553,71144.71598
United Arab Emirates,2020,218,28,17,17,30,22,78,34,34,39410,4,63299.42297,66766.05393
United Arab Emirates,2021,218,30,22,14,26,22,59,40,33,,,,
United Arab Emirates,2022,218,6,17,7,23,26,59,45,31,,,,
United Kingdom,2011,219,16,16,17,3,12,10,18,10,41300,4,42429.20983,37379.29097
United Kingdom,2012,219,9,21,6,3,15,8,14,5,41940,4,42754.54043,38514.02617
United Kingdom,2013,219,14,13,5,3,10,8,9,3,42920,4,43271.82746,40218.74726
United Kingdom,2014,219,13,10,6,2,14,5,7,2,44670,4,44239.15106,41580.60249
United Kingdom,2015,219,14,7,6,3,13,8,5,2,44730,4,45041.05718,42912.87509
United Kingdom,2016,219,13,7,4,4,14,9,3,3,43460,4,45712.78343,44635.29956
United Kingdom,2017,219,9,6,5,5,13,13,4,5,41880,4,46372.3866,46372.3866
United Kingdom,2018,219,14,8,7,5,12,13,4,4,42410,4,46853.20111,47573.48802
United Kingdom,2019,219,14,9,8,4,16,8,6,5,43460,4,47368.58441,49041.46355
United Kingdom,2020,219,16,10,6,5,19,9,5,4,39970,4,42820.56542,46526.91187
United Kingdom,2021,219,15,10,10,4,21,10,4,4,45380,4,45839.15343,49675.30467
United Kingdom,2022,219,24,6,8,5,22,8,3,4,,,,
United States of America,2011,220,15,13,14,4,15,5,24,7,50620,4,54953.51133,50065.9665
United States of America,2012,220,17,22,14,2,9,11,33,10,52790,4,55796.00473,51784.41857
United States of America,2013,220,17,6,17,2,2,7,19,5,53990,4,56431.34957,53291.12769
United States of America,2014,220,17,11,14,1,10,4,20,6,55800,4,57300.60716,55123.84979
United States of America,2015,220,16,14,14,1,9,4,23,5,56620,4,58419.69037,56762.72945
United States of America,2016,220,17,14,13,1,11,4,13,4,57140,4,58964.96537,57866.74493
United States of America,2017,220,17,13,21,1,8,7,10,4,59250,4,59914.7778,59914.7778
United States of America,2018,220,13,21,24,1,8,6,14,6,63490,4,61339.83834,62805.25376
United States of America,2019,220,11,12,23,1,7,4,15,3,65970,4,62458.75335,65094.79943
United States of America,2020,220,9,12,24,2,5,3,11,3,64140,4,59755.15266,63027.67953
United States of America,2021,220,12,11,23,2,2,3,12,3,70430,4,63069.22555,69287.53659
United States of America,2022,220,13,9,19,1,3,3,12,2,,,,
Uruguay,2011,221,54,70,41,103,88,80,55,64,12060,3,20231.57316,18002.89383
Uruguay,2012,221,61,74,55,94,81,82,52,67,13330,4,20885.10524,18192.3297
Uruguay,2013,221,45,69,53,119,77,82,36,52,15330,4,21786.21194,19130.0614
Uruguay,2014,221,47,67,62,125,116,90,62,72,15790,4,22419.04375,20093.62407
Uruguay,2015,221,50,67,38,117,96,94,59,68,15620,4,22425.83008,20217.56044
Uruguay,2016,221,47,78,37,104,95,80,56,62,15440,4,22724.02213,22454.39483
Uruguay,2017,221,44,57,43,109,100,76,63,67,15920,4,23009.87423,23009.87423
Uruguay,2018,221,42,72,42,113,102,61,55,62,17280,4,23035.08339,23585.39404
Uruguay,2019,221,44,71,49,101,81,67,57,62,17770,4,23032.73404,24004.82114
Uruguay,2020,221,46,71,52,114,85,63,62,69,15740,4,21548.1196,22728.21533
Uruguay,2021,221,44,64,53,108,81,63,64,65,15800,4,22415.40429,24625.45134
Uruguay,2022,221,32,73,60,77,62,62,85,64,,,,
Uzbekistan,2011,222,,,,,,,,,1730,2,5185.68462,5844.807562
Uzbekistan,2012,222,133,35,111,125,89,89,138,127,2160,2,5472.833507,6061.947154
Uzbekistan,2013,222,126,86,111,108,122,69,141,133,2430,2,5781.15657,6302.647244
Uzbekistan,2014,222,124,77,96,118,140,73,139,128,2600,2,6075.192224,6494.859941
Uzbekistan,2015,222,106,76,101,85,138,61,138,122,2740,2,6401.115168,6680.184701
Uzbekistan,2016,222,,,,,,,,,2790,2,6663.949614,6796.904892
Uzbekistan,2017,222,,,,,,,,,2470,2,6840.70986,6840.70986
Uzbekistan,2018,222,,,,,,,,,2110,2,7082.925493,7252.137355
Uzbekistan,2019,222,,,,,,,,,1870,2,7348.146883,7658.27241
Uzbekistan,2020,222,95,77,72,27,127,90,127,93,1740,2,7344.220326,7746.430969
Uzbekistan,2021,222,94,72,72,24,123,77,113,86,1960,2,7734.832414,8497.448308
Uzbekistan,2022,222,63,65,74,60,74,80,102,82,,,,
"Venezuela, Bolivarian Republic of",2011,224,124,37,84,125,69,73,77,102,11980,3,,17527.74874
"Venezuela, Bolivarian Republic of",2012,224,140,69,86,139,48,121,87,118,12710,4,,
"Venezuela, Bolivarian Republic of",2013,224,142,91,86,142,58,73,113,114,11970,3,,
"Venezuela, Bolivarian Republic of",2014,224,143,60,112,143,121,74,108,122,13080,4,,
"Venezuela, Bolivarian Republic of",2015,224,141,65,97,141,88,106,129,132,,,,
"Venezuela, Bolivarian Republic of",2016,224,128,46,76,112,91,120,110,120,,,,
"Venezuela, Bolivarian Republic of",2017,224,,,,,,,,,,,,
"Venezuela, Bolivarian Republic of",2018,224,,,,,,,,,,,,
"Venezuela, Bolivarian Republic of",2019,224,,,,,,,,,,,,
"Venezuela, Bolivarian Republic of",2020,224,,,,,,,,,,,,
"Venezuela, Bolivarian Republic of",2021,224,,,,,,,,,,,,
"Venezuela, Bolivarian Republic of",2022,224,,,,,,,,,,,,
Vietnam,2011,225,84,85,56,39,58,56,31,51,1610,2,6620.012513,5759.911338
Vietnam,2012,225,112,107,75,49,56,58,70,76,1970,2,6911.742697,6329.555554
Vietnam,2013,225,122,98,80,73,67,51,66,76,2190,2,7218.922984,6688.774305
Vietnam,2014,225,121,89,99,92,59,49,58,71,2380,2,7601.858491,7202.924215
Vietnam,2015,225,101,78,88,67,40,28,62,52,2460,2,8048.696327,7555.845811
Vietnam,2016,225,93,74,90,64,72,39,52,59,2570,2,8498.811285,8232.254094
Vietnam,2017,225,87,70,77,34,73,28,52,47,2700,2,8996.378103,8996.378103
Vietnam,2018,225,78,66,78,33,66,35,46,45,3030,2,9548.700016,9776.8195
Vietnam,2019,225,81,61,82,29,69,27,47,42,3280,2,10134.25903,10561.97128
Vietnam,2020,225,83,79,73,34,39,37,38,42,3390,2,10338.27054,10904.45215
Vietnam,2021,225,83,79,79,22,47,41,42,44,3560,2,10516.22281,11553.06992
Vietnam,2022,225,51,80,71,43,50,52,35,48,,,,
Yemen,2011,228,119,89,125,118,105,95,122,123,1080,2,,3607.090566
Yemen,2012,228,130,98,132,124,141,131,137,139,1260,2,,3491.20461
Yemen,2013,228,137,111,135,130,142,130,138,142,1440,2,,3688.519409
Yemen,2014,228,138,120,140,120,141,133,133,141,1460,2,,
Yemen,2015,228,136,127,134,133,133,112,134,137,1200,2,,
Yemen,2016,228,126,111,128,111,128,124,125,128,1160,2,,
Yemen,2017,228,126,120,126,117,123,126,124,127,1080,2,,
Yemen,2018,228,126,115,125,120,126,126,121,126,910,1,,
Yemen,2019,228,129,117,128,119,129,128,127,129,820,1,,
Yemen,2020,228,131,125,129,129,104,128,124,131,670,1,,
Yemen,2021,228,132,127,129,125,102,126,114,131,,,,
Yemen,2022,228,132,124,120,87,127,124,95,128,,,,
Zambia,2011,229,65,112,95,89,112,99,118,114,1420,2,3201.288029,3323.937623
Zambia,2012,229,97,133,129,81,135,95,97,107,1690,2,3339.269902,3422.619937
Zambia,2013,229,111,142,124,68,129,71,126,118,1760,2,3399.702294,3578.847055
Zambia,2014,229,107,143,130,80,127,86,118,121,1800,2,3450.0376,3539.43639
Zambia,2015,229,107,141,121,83,129,98,123,124,1580,2,3443.553254,3430.400287
Zambia,2016,229,105,128,125,100,126,115,117,125,1370,2,3467.887448,3404.67399
Zambia,2017,229,104,127,116,100,125,95,120,124,1300,2,3485.02178,3485.02178
Zambia,2018,229,113,126,97,94,124,116,119,120,1440,2,3521.545978,3605.676095
Zambia,2019,229,120,129,95,112,127,115,121,124,1430,2,3470.435511,3616.903819
Zambia,2020,229,122,111,107,85,91,123,126,122,1160,2,3277.81651,3457.328102
Zambia,2021,229,125,107,119,87,83,120,125,121,1040,1,3298.626768,3623.854913
Zambia,2022,229,126,118,116,106,100,116,110,118,,,,
Zimbabwe,2011,230,125,52,124,101,119,124,60,119,1060,2,2039.36798,2101.824051
Zimbabwe,2012,230,141,71,139,118,50,70,112,115,1260,2,2339.177047,2375.927006
Zimbabwe,2013,230,141,136,132,102,76,128,93,132,1320,2,2343.679343,2560.773267
Zimbabwe,2014,230,142,133,121,83,97,122,101,130,1370,2,2357.651166,2612.455954
Zimbabwe,2015,230,140,104,129,109,115,130,103,133,1390,2,2360.022385,2679.507615
Zimbabwe,2016,230,,,,,,,,,1390,2,2341.30492,2806.469032
Zimbabwe,2017,230,125,79,127,105,114,110,113,121,1350,2,2416.049969,2416.049969
Zimbabwe,2018,230,124,77,126,97,116,83,113,113,1350,2,2497.136618,2556.793484
Zimbabwe,2019,230,127,76,127,109,117,83,123,122,1210,2,2310.634802,2408.154197
Zimbabwe,2020,230,128,93,131,84,108,101,112,120,1140,2,2134.555461,2251.455674
Zimbabwe,2021,230,129,88,128,64,101,109,101,113,1400,2,2225.094972,2444.478237
Zimbabwe,2022,230,128,92,126,114,90,99,89,107,,,,
,,,,,,,,,,,,,,
,,,,,,,,,,,,,,
Notas:,,,,,,,,,,,,,,
Ver Marrocos 2014,,,,,,,,,,,,,,
